date_key,channel_id,channel,impressions,clicks,spend
20250801,2,paid_social,30,2,2.07
20250801,3,display,85,1,0.52
20250801,6,organic_search,32,2,0.0
20250802,1,paid_search,79,5,13.27
20250802,2,paid_social,63,4,4.28
20250802,3,display,155,2,0.95
20250802,4,affiliate,29,2,3.35
20250802,6,organic_search,30,2,0.0
20250802,7,direct,15,1,0.0
20250803,1,paid_search,39,3,6.57
20250803,2,paid_social,16,1,1.06
20250803,3,display,94,1,0.57
20250803,4,affiliate,12,1,1.38
20250803,6,organic_search,43,3,0.0
20250803,7,direct,13,1,0.0
20250804,1,paid_search,48,3,7.99
20250804,2,paid_social,50,4,3.39
20250804,4,affiliate,28,2,3.19
20250804,6,organic_search,81,6,0.0
20250804,7,direct,55,4,0.0
20250805,1,paid_search,55,4,9.22
20250805,2,paid_social,78,6,5.31
20250805,3,display,350,4,2.14
20250805,4,affiliate,80,5,9.1
20250805,5,email,41,3,0.0
20250805,6,organic_search,101,7,0.0
20250805,7,direct,41,3,0.0
20250806,1,paid_search,109,8,18.33
20250806,2,paid_social,175,12,11.85
20250806,3,display,348,4,2.12
20250806,4,affiliate,46,3,5.27
20250806,5,email,41,3,0.0
20250806,6,organic_search,180,11,0.0
20250806,7,direct,61,4,0.0
20250807,1,paid_search,139,9,23.35
20250807,2,paid_social,224,17,15.21
20250807,3,display,244,3,1.49
20250807,4,affiliate,74,6,8.44
20250807,5,email,27,2,0.0
20250807,6,organic_search,85,6,0.0
20250807,7,direct,93,7,0.0
20250808,1,paid_search,95,7,15.91
20250808,2,paid_social,234,18,15.9
20250808,3,display,389,4,2.38
20250808,4,affiliate,69,5,7.86
20250808,5,email,44,3,0.0
20250808,6,organic_search,152,11,0.0
20250808,7,direct,16,1,0.0
20250809,1,paid_search,128,10,21.53
20250809,2,paid_social,310,21,21.06
20250809,3,display,167,2,1.02
20250809,4,affiliate,116,7,13.31
20250809,5,email,42,3,0.0
20250809,6,organic_search,218,15,0.0
20250809,7,direct,88,6,0.0
20250810,1,paid_search,157,12,26.42
20250810,2,paid_social,221,15,15.01
20250810,3,display,590,7,3.6
20250810,4,affiliate,64,5,7.32
20250810,5,email,36,3,0.0
20250810,6,organic_search,203,15,0.0
20250810,7,direct,80,6,0.0
20250811,1,paid_search,178,14,29.96
20250811,2,paid_social,284,20,19.25
20250811,3,display,880,9,5.38
20250811,4,affiliate,123,8,14.04
20250811,5,email,28,2,0.0
20250811,6,organic_search,304,20,0.0
20250811,7,direct,257,15,0.0
20250812,1,paid_search,237,19,39.74
20250812,2,paid_social,310,26,21.06
20250812,3,display,769,8,4.7
20250812,4,affiliate,122,9,13.99
20250812,5,email,79,6,0.0
20250812,6,organic_search,159,13,0.0
20250812,7,direct,75,6,0.0
20250813,1,paid_search,167,12,28.1
20250813,2,paid_social,270,19,18.34
20250813,3,display,503,6,3.07
20250813,4,affiliate,108,8,12.31
20250813,5,email,75,5,0.0
20250813,6,organic_search,270,21,0.0
20250813,7,direct,180,15,0.0
20250814,1,paid_search,254,15,42.59
20250814,2,paid_social,441,27,29.93
20250814,3,display,1216,12,7.43
20250814,4,affiliate,113,8,12.96
20250814,5,email,16,1,0.0
20250814,6,organic_search,173,12,0.0
20250814,7,direct,172,12,0.0
20250815,1,paid_search,270,21,45.36
20250815,2,paid_social,301,23,20.43
20250815,3,display,506,6,3.09
20250815,4,affiliate,112,8,12.78
20250815,5,email,113,8,0.0
20250815,6,organic_search,325,20,0.0
20250815,7,direct,117,8,0.0
20250816,1,paid_search,166,11,27.88
20250816,2,paid_social,455,29,30.9
20250816,3,display,804,9,4.91
20250816,4,affiliate,215,17,24.61
20250816,5,email,198,13,0.0
20250816,6,organic_search,272,17,0.0
20250816,7,direct,294,23,0.0
20250817,1,paid_search,203,14,34.09
20250817,2,paid_social,315,28,21.36
20250817,3,display,1140,11,6.97
20250817,4,affiliate,284,19,32.43
20250817,5,email,92,7,0.0
20250817,6,organic_search,244,17,0.0
20250817,7,direct,321,22,0.0
20250818,1,paid_search,252,22,42.37
20250818,2,paid_social,351,26,23.81
20250818,3,display,790,8,4.83
20250818,4,affiliate,162,12,18.49
20250818,5,email,90,7,0.0
20250818,6,organic_search,179,12,0.0
20250818,7,direct,241,18,0.0
20250819,1,paid_search,206,14,34.65
20250819,2,paid_social,476,29,32.28
20250819,3,display,598,6,3.66
20250819,4,affiliate,163,11,18.64
20250819,5,email,151,10,0.0
20250819,6,organic_search,272,18,0.0
20250819,7,direct,234,18,0.0
20250820,1,paid_search,338,23,56.72
20250820,2,paid_social,325,24,22.08
20250820,3,display,1462,16,8.94
20250820,4,affiliate,148,11,16.87
20250820,5,email,104,8,0.0
20250820,6,organic_search,309,21,0.0
20250820,7,direct,331,23,0.0
20250821,1,paid_search,342,21,57.33
20250821,2,paid_social,526,39,35.72
20250821,3,display,1255,12,7.67
20250821,4,affiliate,177,12,20.27
20250821,5,email,149,10,0.0
20250821,6,organic_search,360,25,0.0
20250821,7,direct,224,15,0.0
20250822,1,paid_search,256,18,42.92
20250822,2,paid_social,403,32,27.33
20250822,3,display,741,8,4.53
20250822,4,affiliate,156,11,17.8
20250822,5,email,151,11,0.0
20250822,6,organic_search,398,28,0.0
20250822,7,direct,193,13,0.0
20250823,1,paid_search,327,23,54.88
20250823,2,paid_social,332,27,22.54
20250823,3,display,638,8,3.9
20250823,4,affiliate,84,6,9.62
20250823,5,email,237,15,0.0
20250823,6,organic_search,246,17,0.0
20250823,7,direct,169,15,0.0
20250824,1,paid_search,316,23,53.03
20250824,2,paid_social,540,38,36.63
20250824,3,display,1108,12,6.77
20250824,4,affiliate,241,18,27.52
20250824,5,email,90,7,0.0
20250824,6,organic_search,468,32,0.0
20250824,7,direct,245,17,0.0
20250825,1,paid_search,232,20,38.89
20250825,2,paid_social,462,32,31.32
20250825,3,display,1170,14,7.15
20250825,4,affiliate,277,18,31.68
20250825,5,email,124,8,0.0
20250825,6,organic_search,314,22,0.0
20250825,7,direct,192,15,0.0
20250826,1,paid_search,414,28,69.5
20250826,2,paid_social,362,26,24.54
20250826,3,display,912,11,5.57
20250826,4,affiliate,214,19,24.41
20250826,5,email,152,10,0.0
20250826,6,organic_search,390,24,0.0
20250826,7,direct,262,17,0.0
20250827,1,paid_search,423,29,70.92
20250827,2,paid_social,429,34,29.14
20250827,3,display,656,7,4.01
20250827,4,affiliate,218,13,24.92
20250827,5,email,102,8,0.0
20250827,6,organic_search,368,30,0.0
20250827,7,direct,266,22,0.0
20250828,1,paid_search,400,27,67.2
20250828,2,paid_social,327,29,22.2
20250828,3,display,1110,12,6.78
20250828,4,affiliate,219,14,25.04
20250828,5,email,76,6,0.0
20250828,6,organic_search,366,24,0.0
20250828,7,direct,283,20,0.0
20250829,1,paid_search,310,22,52.1
20250829,2,paid_social,369,27,25.06
20250829,3,display,1149,13,7.02
20250829,4,affiliate,158,12,18.01
20250829,5,email,133,12,0.0
20250829,6,organic_search,366,25,0.0
20250829,7,direct,326,22,0.0
20250830,1,paid_search,284,19,47.72
20250830,2,paid_social,323,27,21.94
20250830,3,display,1495,16,9.13
20250830,4,affiliate,176,13,20.12
20250830,5,email,254,17,0.0
20250830,6,organic_search,288,21,0.0
20250830,7,direct,210,15,0.0
20250831,1,paid_search,385,27,64.69
20250831,2,paid_social,379,32,25.75
20250831,3,display,1217,13,7.44
20250831,4,affiliate,273,18,31.24
20250831,5,email,123,9,0.0
20250831,6,organic_search,183,14,0.0
20250831,7,direct,254,16,0.0
20250901,1,paid_search,375,32,63.02
20250901,2,paid_social,466,34,31.61
20250901,3,display,1225,14,7.49
20250901,4,affiliate,201,17,22.99
20250901,5,email,169,12,0.0
20250901,6,organic_search,283,21,0.0
20250901,7,direct,160,12,0.0
20250902,1,paid_search,315,23,52.86
20250902,2,paid_social,533,34,36.19
20250902,3,display,880,9,5.38
20250902,4,affiliate,233,17,26.65
20250902,5,email,119,10,0.0
20250902,6,organic_search,490,37,0.0
20250902,7,direct,274,20,0.0
20250903,1,paid_search,326,25,54.65
20250903,2,paid_social,443,26,30.09
20250903,3,display,1348,14,8.24
20250903,4,affiliate,228,16,26.09
20250903,5,email,155,11,0.0
20250903,6,organic_search,411,29,0.0
20250903,7,direct,248,17,0.0
20250904,1,paid_search,336,25,56.36
20250904,2,paid_social,418,31,28.38
20250904,3,display,889,10,5.43
20250904,4,affiliate,227,16,25.93
20250904,5,email,124,9,0.0
20250904,6,organic_search,355,25,0.0
20250904,7,direct,284,21,0.0
20250905,1,paid_search,275,19,46.24
20250905,2,paid_social,395,27,26.82
20250905,3,display,1255,12,7.67
20250905,4,affiliate,213,16,24.33
20250905,5,email,192,14,0.0
20250905,6,organic_search,262,18,0.0
20250905,7,direct,181,16,0.0
20250906,1,paid_search,312,24,52.43
20250906,2,paid_social,514,33,34.85
20250906,3,display,607,7,3.71
20250906,4,affiliate,113,8,12.95
20250906,5,email,241,15,0.0
20250906,6,organic_search,345,30,0.0
20250906,7,direct,298,21,0.0
20250907,1,paid_search,397,33,66.65
20250907,2,paid_social,506,31,34.35
20250907,3,display,895,11,5.47
20250907,4,affiliate,211,16,24.12
20250907,5,email,103,7,0.0
20250907,6,organic_search,186,13,0.0
20250907,7,direct,289,19,0.0
20250908,1,paid_search,368,27,61.75
20250908,2,paid_social,336,29,22.77
20250908,3,display,1243,14,7.59
20250908,4,affiliate,211,15,24.12
20250908,5,email,153,11,0.0
20250908,6,organic_search,487,31,0.0
20250908,7,direct,311,24,0.0
20250909,1,paid_search,481,34,80.69
20250909,2,paid_social,593,37,40.23
20250909,3,display,1303,13,7.96
20250909,4,affiliate,270,19,30.81
20250909,5,email,149,13,0.0
20250909,6,organic_search,460,32,0.0
20250909,7,direct,299,22,0.0
20250910,1,paid_search,287,23,48.26
20250910,2,paid_social,465,29,31.58
20250910,3,display,1026,12,6.27
20250910,4,affiliate,357,23,40.76
20250910,5,email,264,19,0.0
20250910,6,organic_search,380,30,0.0
20250910,7,direct,247,20,0.0
20250911,1,paid_search,386,25,64.78
20250911,2,paid_social,379,27,25.71
20250911,3,display,831,9,5.08
20250911,4,affiliate,180,11,20.61
20250911,5,email,199,14,0.0
20250911,6,organic_search,367,27,0.0
20250911,7,direct,363,24,0.0
20250912,1,paid_search,338,23,56.75
20250912,2,paid_social,482,37,32.72
20250912,3,display,669,8,4.09
20250912,4,affiliate,104,7,11.86
20250912,5,email,136,11,0.0
20250912,6,organic_search,424,32,0.0
20250912,7,direct,255,19,0.0
20250913,1,paid_search,385,26,64.57
20250913,2,paid_social,622,40,42.18
20250913,3,display,1297,16,7.92
20250913,4,affiliate,351,23,40.17
20250913,5,email,79,6,0.0
20250913,6,organic_search,340,27,0.0
20250913,7,direct,221,17,0.0
20250914,1,paid_search,355,24,59.66
20250914,2,paid_social,466,35,31.63
20250914,3,display,759,9,4.64
20250914,4,affiliate,162,10,18.5
20250914,5,email,120,10,0.0
20250914,6,organic_search,420,28,0.0
20250914,7,direct,249,21,0.0
20250915,1,paid_search,355,26,59.56
20250915,2,paid_social,385,25,26.1
20250915,3,display,1308,15,8.0
20250915,4,affiliate,290,22,33.19
20250915,5,email,121,9,0.0
20250915,6,organic_search,403,30,0.0
20250915,7,direct,188,13,0.0
20250916,1,paid_search,310,26,52.05
20250916,2,paid_social,431,30,29.27
20250916,3,display,1001,11,6.12
20250916,4,affiliate,135,9,15.38
20250916,5,email,77,5,0.0
20250916,6,organic_search,370,26,0.0
20250916,7,direct,351,24,0.0
20250917,1,paid_search,321,24,53.92
20250917,2,paid_social,478,41,32.44
20250917,3,display,679,7,4.15
20250917,4,affiliate,194,14,22.15
20250917,5,email,103,8,0.0
20250917,6,organic_search,379,30,0.0
20250917,7,direct,371,26,0.0
20250918,1,paid_search,238,18,39.94
20250918,2,paid_social,531,37,36.06
20250918,3,display,895,9,5.47
20250918,4,affiliate,324,23,37.08
20250918,5,email,74,5,0.0
20250918,6,organic_search,244,20,0.0
20250918,7,direct,423,27,0.0
20250919,1,paid_search,335,23,56.26
20250919,2,paid_social,396,28,26.86
20250919,3,display,1189,12,7.26
20250919,4,affiliate,306,23,35.02
20250919,5,email,94,7,0.0
20250919,6,organic_search,449,34,0.0
20250919,7,direct,224,16,0.0
20250920,1,paid_search,355,25,59.67
20250920,2,paid_social,463,35,31.44
20250920,3,display,665,8,4.06
20250920,4,affiliate,287,18,32.84
20250920,5,email,210,16,0.0
20250920,6,organic_search,374,24,0.0
20250920,7,direct,366,26,0.0
20250921,1,paid_search,349,26,58.58
20250921,2,paid_social,528,39,35.84
20250921,3,display,1982,22,12.11
20250921,4,affiliate,229,18,26.15
20250921,5,email,127,10,0.0
20250921,6,organic_search,374,28,0.0
20250921,7,direct,234,17,0.0
20250922,1,paid_search,312,22,52.34
20250922,2,paid_social,396,29,26.85
20250922,3,display,1163,14,7.1
20250922,4,affiliate,120,9,13.72
20250922,5,email,259,20,0.0
20250922,6,organic_search,328,25,0.0
20250922,7,direct,312,21,0.0
20250923,1,paid_search,334,21,56.04
20250923,2,paid_social,407,29,27.63
20250923,3,display,1235,15,7.55
20250923,4,affiliate,343,24,39.21
20250923,5,email,155,10,0.0
20250923,6,organic_search,500,34,0.0
20250923,7,direct,251,15,0.0
20250924,1,paid_search,337,20,56.62
20250924,2,paid_social,519,36,35.22
20250924,3,display,1286,15,7.86
20250924,4,affiliate,180,14,20.62
20250924,5,email,167,11,0.0
20250924,6,organic_search,402,28,0.0
20250924,7,direct,287,19,0.0
20250925,1,paid_search,333,25,55.93
20250925,2,paid_social,517,41,35.08
20250925,3,display,1404,13,8.58
20250925,4,affiliate,239,15,27.36
20250925,5,email,220,16,0.0
20250925,6,organic_search,297,23,0.0
20250925,7,direct,372,29,0.0
20250926,1,paid_search,462,33,77.49
20250926,2,paid_social,553,34,37.52
20250926,3,display,1412,15,8.63
20250926,4,affiliate,166,12,19.03
20250926,5,email,172,12,0.0
20250926,6,organic_search,306,21,0.0
20250926,7,direct,238,18,0.0
20250927,1,paid_search,450,32,75.46
20250927,2,paid_social,367,27,24.9
20250927,3,display,641,7,3.92
20250927,4,affiliate,176,12,20.16
20250927,5,email,189,14,0.0
20250927,6,organic_search,268,22,0.0
20250927,7,direct,332,23,0.0
20250928,1,paid_search,313,24,52.47
20250928,2,paid_social,412,31,27.99
20250928,3,display,2083,24,12.73
20250928,4,affiliate,103,7,11.76
20250928,5,email,193,13,0.0
20250928,6,organic_search,313,23,0.0
20250928,7,direct,305,21,0.0
20250929,1,paid_search,331,23,55.49
20250929,2,paid_social,422,31,28.63
20250929,3,display,1214,15,7.42
20250929,4,affiliate,327,20,37.38
20250929,5,email,169,13,0.0
20250929,6,organic_search,468,32,0.0
20250929,7,direct,216,15,0.0
20250930,1,paid_search,310,20,52.1
20250930,2,paid_social,394,32,26.73
20250930,3,display,1323,17,8.08
20250930,4,affiliate,204,15,23.32
20250930,5,email,149,14,0.0
20250930,6,organic_search,351,23,0.0
20250930,7,direct,389,26,0.0
20251001,1,paid_search,442,31,74.27
20251001,2,paid_social,474,34,32.15
20251001,3,display,835,9,5.11
20251001,4,affiliate,168,13,19.2
20251001,5,email,147,10,0.0
20251001,6,organic_search,220,18,0.0
20251001,7,direct,261,19,0.0
20251002,1,paid_search,304,21,50.98
20251002,2,paid_social,305,25,20.67
20251002,3,display,1122,12,6.86
20251002,4,affiliate,196,14,22.37
20251002,5,email,163,10,0.0
20251002,6,organic_search,311,25,0.0
20251002,7,direct,182,14,0.0
20251003,1,paid_search,316,26,52.98
20251003,2,paid_social,448,37,30.38
20251003,3,display,1031,12,6.3
20251003,4,affiliate,176,13,20.15
20251003,5,email,159,11,0.0
20251003,6,organic_search,358,26,0.0
20251003,7,direct,346,21,0.0
20251004,1,paid_search,403,27,67.61
20251004,2,paid_social,455,32,30.88
20251004,3,display,1326,14,8.11
20251004,4,affiliate,159,11,18.19
20251004,5,email,78,6,0.0
20251004,6,organic_search,344,22,0.0
20251004,7,direct,197,16,0.0
20251005,1,paid_search,374,27,62.85
20251005,2,paid_social,507,39,34.37
20251005,3,display,1062,11,6.49
20251005,4,affiliate,174,13,19.92
20251005,5,email,178,15,0.0
20251005,6,organic_search,226,17,0.0
20251005,7,direct,250,20,0.0
20251006,1,paid_search,296,24,49.65
20251006,2,paid_social,292,23,19.83
20251006,3,display,1301,14,7.95
20251006,4,affiliate,220,17,25.13
20251006,5,email,125,9,0.0
20251006,6,organic_search,243,20,0.0
20251006,7,direct,321,21,0.0
20251007,1,paid_search,288,22,48.42
20251007,2,paid_social,642,41,43.56
20251007,3,display,1354,14,8.27
20251007,4,affiliate,246,16,28.11
20251007,5,email,193,14,0.0
20251007,6,organic_search,254,21,0.0
20251007,7,direct,244,18,0.0
20251008,1,paid_search,307,23,51.45
20251008,2,paid_social,304,24,20.64
20251008,3,display,1677,19,10.25
20251008,4,affiliate,126,9,14.39
20251008,5,email,138,8,0.0
20251008,6,organic_search,305,23,0.0
20251008,7,direct,376,23,0.0
20251009,1,paid_search,448,30,75.22
20251009,2,paid_social,439,32,29.77
20251009,3,display,586,7,3.58
20251009,4,affiliate,296,22,33.85
20251009,5,email,226,17,0.0
20251009,6,organic_search,459,32,0.0
20251009,7,direct,205,14,0.0
20251010,1,paid_search,468,29,78.58
20251010,2,paid_social,377,26,25.58
20251010,3,display,945,11,5.78
20251010,4,affiliate,118,9,13.48
20251010,5,email,128,10,0.0
20251010,6,organic_search,417,33,0.0
20251010,7,direct,227,17,0.0
20251011,1,paid_search,284,18,47.63
20251011,2,paid_social,432,29,29.32
20251011,3,display,1386,15,8.47
20251011,4,affiliate,159,12,18.12
20251011,5,email,109,8,0.0
20251011,6,organic_search,307,20,0.0
20251011,7,direct,299,21,0.0
20251012,1,paid_search,166,12,27.94
20251012,2,paid_social,390,33,26.49
20251012,3,display,1084,11,6.62
20251012,4,affiliate,178,13,20.35
20251012,5,email,66,5,0.0
20251012,6,organic_search,340,23,0.0
20251012,7,direct,231,15,0.0
20251013,1,paid_search,357,27,60.0
20251013,2,paid_social,542,37,36.8
20251013,3,display,1527,16,9.33
20251013,4,affiliate,191,13,21.78
20251013,5,email,72,5,0.0
20251013,6,organic_search,339,22,0.0
20251013,7,direct,299,18,0.0
20251014,1,paid_search,357,24,59.98
20251014,2,paid_social,594,37,40.3
20251014,3,display,869,9,5.31
20251014,4,affiliate,256,20,29.22
20251014,5,email,121,9,0.0
20251014,6,organic_search,297,20,0.0
20251014,7,direct,331,20,0.0
20251015,1,paid_search,256,20,42.96
20251015,2,paid_social,516,30,35.01
20251015,3,display,1211,15,7.4
20251015,4,affiliate,202,15,23.05
20251015,5,email,156,10,0.0
20251015,6,organic_search,330,27,0.0
20251015,7,direct,254,20,0.0
20251016,1,paid_search,224,15,37.65
20251016,2,paid_social,526,44,35.69
20251016,3,display,1111,12,6.79
20251016,4,affiliate,243,16,27.72
20251016,5,email,195,14,0.0
20251016,6,organic_search,347,21,0.0
20251016,7,direct,242,21,0.0
20251017,1,paid_search,324,24,54.41
20251017,2,paid_social,335,30,22.72
20251017,3,display,875,10,5.34
20251017,4,affiliate,212,17,24.28
20251017,5,email,143,11,0.0
20251017,6,organic_search,328,22,0.0
20251017,7,direct,186,14,0.0
20251018,1,paid_search,242,17,40.57
20251018,2,paid_social,261,19,17.71
20251018,3,display,1199,14,7.33
20251018,4,affiliate,221,15,25.3
20251018,5,email,163,12,0.0
20251018,6,organic_search,321,23,0.0
20251018,7,direct,359,27,0.0
20251019,1,paid_search,374,25,62.84
20251019,2,paid_social,369,24,25.03
20251019,3,display,842,9,5.14
20251019,4,affiliate,290,22,33.12
20251019,5,email,164,13,0.0
20251019,6,organic_search,294,20,0.0
20251019,7,direct,224,18,0.0
20251020,1,paid_search,303,19,50.87
20251020,2,paid_social,451,34,30.58
20251020,3,display,1000,13,6.11
20251020,4,affiliate,163,11,18.67
20251020,5,email,92,6,0.0
20251020,6,organic_search,308,24,0.0
20251020,7,direct,313,25,0.0
20251021,1,paid_search,387,27,65.02
20251021,2,paid_social,612,40,41.51
20251021,3,display,683,8,4.17
20251021,4,affiliate,290,20,33.09
20251021,5,email,79,5,0.0
20251021,6,organic_search,323,22,0.0
20251021,7,direct,228,19,0.0
20251022,1,paid_search,277,24,46.58
20251022,2,paid_social,470,30,31.91
20251022,3,display,1531,16,9.36
20251022,4,affiliate,208,14,23.82
20251022,5,email,225,15,0.0
20251022,6,organic_search,452,31,0.0
20251022,7,direct,210,17,0.0
20251023,1,paid_search,399,27,67.06
20251023,2,paid_social,413,27,28.04
20251023,3,display,1323,14,8.09
20251023,4,affiliate,177,14,20.21
20251023,5,email,147,10,0.0
20251023,6,organic_search,336,23,0.0
20251023,7,direct,215,16,0.0
20251024,1,paid_search,314,22,52.78
20251024,2,paid_social,567,39,38.47
20251024,3,display,792,8,4.84
20251024,4,affiliate,200,14,22.9
20251024,5,email,129,9,0.0
20251024,6,organic_search,306,24,0.0
20251024,7,direct,319,23,0.0
20251025,1,paid_search,295,19,49.59
20251025,2,paid_social,348,23,23.64
20251025,3,display,810,9,4.95
20251025,4,affiliate,163,11,18.69
20251025,5,email,145,10,0.0
20251025,6,organic_search,366,24,0.0
20251025,7,direct,253,16,0.0
20251026,1,paid_search,417,26,69.95
20251026,2,paid_social,437,31,29.66
20251026,3,display,1462,16,8.94
20251026,4,affiliate,244,19,27.91
20251026,5,email,88,7,0.0
20251026,6,organic_search,367,26,0.0
20251026,7,direct,218,14,0.0
20251027,1,paid_search,249,18,41.76
20251027,2,paid_social,535,41,36.3
20251027,3,display,1280,16,7.82
20251027,4,affiliate,168,11,19.24
20251027,5,email,129,9,0.0
20251027,6,organic_search,369,27,0.0
20251027,7,direct,220,16,0.0
20251028,1,paid_search,322,24,54.0
20251028,2,paid_social,388,31,26.36
20251028,3,display,1747,20,10.68
20251028,4,affiliate,221,18,25.24
20251028,5,email,132,9,0.0
20251028,6,organic_search,355,24,0.0
20251028,7,direct,283,21,0.0
20251029,1,paid_search,427,34,71.64
20251029,2,paid_social,386,31,26.18
20251029,3,display,1236,14,7.56
20251029,4,affiliate,252,18,28.82
20251029,5,email,135,12,0.0
20251029,6,organic_search,390,25,0.0
20251029,7,direct,326,22,0.0
20251030,1,paid_search,491,37,82.36
20251030,2,paid_social,481,31,32.67
20251030,3,display,1668,19,10.19
20251030,4,affiliate,164,11,18.77
20251030,5,email,56,4,0.0
20251030,6,organic_search,273,19,0.0
20251030,7,direct,350,24,0.0
20251031,1,paid_search,351,23,58.9
20251031,2,paid_social,289,23,19.64
20251031,3,display,778,9,4.75
20251031,4,affiliate,257,18,29.36
20251031,5,email,218,14,0.0
20251031,6,organic_search,305,19,0.0
20251031,7,direct,172,12,0.0
20251101,1,paid_search,398,29,66.77
20251101,2,paid_social,497,40,33.76
20251101,3,display,1007,11,6.15
20251101,4,affiliate,141,10,16.08
20251101,5,email,225,19,0.0
20251101,6,organic_search,411,26,0.0
20251101,7,direct,342,25,0.0
20251102,1,paid_search,273,19,45.85
20251102,2,paid_social,406,30,27.56
20251102,3,display,934,10,5.71
20251102,4,affiliate,187,12,21.41
20251102,5,email,142,10,0.0
20251102,6,organic_search,267,20,0.0
20251102,7,direct,247,18,0.0
20251103,1,paid_search,239,18,40.15
20251103,2,paid_social,492,35,33.39
20251103,3,display,945,10,5.77
20251103,4,affiliate,206,16,23.57
20251103,5,email,266,18,0.0
20251103,6,organic_search,379,25,0.0
20251103,7,direct,288,19,0.0
20251104,1,paid_search,222,21,37.3
20251104,2,paid_social,500,33,33.93
20251104,3,display,1272,16,7.77
20251104,4,affiliate,143,10,16.3
20251104,5,email,146,11,0.0
20251104,6,organic_search,267,20,0.0
20251104,7,direct,347,25,0.0
20251105,1,paid_search,373,28,62.65
20251105,2,paid_social,486,33,32.95
20251105,3,display,865,9,5.28
20251105,4,affiliate,300,20,34.28
20251105,5,email,146,11,0.0
20251105,6,organic_search,297,24,0.0
20251105,7,direct,299,22,0.0
20251106,1,paid_search,349,22,58.55
20251106,2,paid_social,304,24,20.62
20251106,3,display,1046,10,6.39
20251106,4,affiliate,183,13,20.88
20251106,5,email,205,13,0.0
20251106,6,organic_search,375,27,0.0
20251106,7,direct,306,24,0.0
20251107,1,paid_search,313,19,52.51
20251107,2,paid_social,364,25,24.69
20251107,3,display,854,10,5.22
20251107,4,affiliate,123,10,14.06
20251107,5,email,181,12,0.0
20251107,6,organic_search,304,22,0.0
20251107,7,direct,197,14,0.0
20251108,1,paid_search,360,21,60.43
20251108,2,paid_social,693,44,47.0
20251108,3,display,501,5,3.06
20251108,4,affiliate,236,19,27.01
20251108,5,email,124,9,0.0
20251108,6,organic_search,340,27,0.0
20251108,7,direct,172,11,0.0
20251109,1,paid_search,374,28,62.7
20251109,2,paid_social,272,19,18.49
20251109,3,display,1433,16,8.76
20251109,4,affiliate,267,16,30.54
20251109,5,email,114,9,0.0
20251109,6,organic_search,312,25,0.0
20251109,7,direct,184,14,0.0
20251110,1,paid_search,219,16,36.73
20251110,2,paid_social,402,26,27.28
20251110,3,display,691,7,4.23
20251110,4,affiliate,258,17,29.46
20251110,5,email,118,8,0.0
20251110,6,organic_search,371,25,0.0
20251110,7,direct,245,17,0.0
20251111,1,paid_search,382,28,64.07
20251111,2,paid_social,491,35,33.35
20251111,3,display,589,8,3.6
20251111,4,affiliate,318,21,36.36
20251111,5,email,172,14,0.0
20251111,6,organic_search,325,22,0.0
20251111,7,direct,324,22,0.0
20251112,1,paid_search,448,31,75.16
20251112,2,paid_social,477,32,32.38
20251112,3,display,1250,13,7.64
20251112,4,affiliate,362,23,41.32
20251112,5,email,138,10,0.0
20251112,6,organic_search,274,21,0.0
20251112,7,direct,351,23,0.0
20251113,1,paid_search,246,18,41.25
20251113,2,paid_social,461,29,31.31
20251113,3,display,1379,16,8.43
20251113,4,affiliate,200,13,22.9
20251113,5,email,140,12,0.0
20251113,6,organic_search,318,22,0.0
20251113,7,direct,341,24,0.0
20251114,1,paid_search,197,18,33.1
20251114,2,paid_social,378,23,25.68
20251114,3,display,603,8,3.69
20251114,4,affiliate,217,16,24.81
20251114,5,email,174,14,0.0
20251114,6,organic_search,370,25,0.0
20251114,7,direct,248,21,0.0
20251115,1,paid_search,397,28,66.58
20251115,2,paid_social,421,29,28.54
20251115,3,display,1009,13,6.17
20251115,4,affiliate,187,14,21.42
20251115,5,email,154,11,0.0
20251115,6,organic_search,207,16,0.0
20251115,7,direct,384,27,0.0
20251116,1,paid_search,390,33,65.49
20251116,2,paid_social,375,27,25.41
20251116,3,display,1023,13,6.25
20251116,4,affiliate,160,11,18.33
20251116,5,email,115,8,0.0
20251116,6,organic_search,364,29,0.0
20251116,7,direct,448,25,0.0
20251117,1,paid_search,299,20,50.14
20251117,2,paid_social,379,28,25.74
20251117,3,display,1415,16,8.65
20251117,4,affiliate,143,10,16.33
20251117,5,email,119,10,0.0
20251117,6,organic_search,352,28,0.0
20251117,7,direct,205,14,0.0
20251118,1,paid_search,376,24,63.15
20251118,2,paid_social,434,28,29.45
20251118,3,display,1330,13,8.13
20251118,4,affiliate,194,13,22.2
20251118,5,email,78,6,0.0
20251118,6,organic_search,242,17,0.0
20251118,7,direct,213,15,0.0
20251119,1,paid_search,354,23,59.42
20251119,2,paid_social,471,37,31.98
20251119,3,display,1461,15,8.93
20251119,4,affiliate,199,16,22.77
20251119,5,email,119,9,0.0
20251119,6,organic_search,294,23,0.0
20251119,7,direct,262,18,0.0
20251120,1,paid_search,280,24,47.06
20251120,2,paid_social,411,27,27.92
20251120,3,display,585,6,3.57
20251120,4,affiliate,293,21,33.5
20251120,5,email,76,6,0.0
20251120,6,organic_search,400,30,0.0
20251120,7,direct,385,28,0.0
20251121,1,paid_search,326,22,54.73
20251121,2,paid_social,244,19,16.55
20251121,3,display,987,12,6.03
20251121,4,affiliate,199,15,22.7
20251121,5,email,133,11,0.0
20251121,6,organic_search,322,22,0.0
20251121,7,direct,197,14,0.0
20251122,1,paid_search,385,25,64.66
20251122,2,paid_social,641,44,43.47
20251122,3,display,1189,13,7.26
20251122,4,affiliate,265,18,30.29
20251122,5,email,181,13,0.0
20251122,6,organic_search,318,26,0.0
20251122,7,direct,224,18,0.0
20251123,1,paid_search,428,29,71.91
20251123,2,paid_social,426,36,28.87
20251123,3,display,553,6,3.38
20251123,4,affiliate,182,15,20.83
20251123,5,email,73,6,0.0
20251123,6,organic_search,304,22,0.0
20251123,7,direct,139,10,0.0
20251124,1,paid_search,325,23,54.55
20251124,2,paid_social,481,33,32.65
20251124,3,display,1221,12,7.46
20251124,4,affiliate,200,13,22.81
20251124,5,email,194,15,0.0
20251124,6,organic_search,256,19,0.0
20251124,7,direct,327,23,0.0
20251125,1,paid_search,300,24,50.31
20251125,2,paid_social,362,27,24.53
20251125,3,display,1669,16,10.2
20251125,4,affiliate,248,17,28.37
20251125,5,email,44,3,0.0
20251125,6,organic_search,285,21,0.0
20251125,7,direct,273,20,0.0
20251126,1,paid_search,404,29,67.87
20251126,2,paid_social,535,38,36.32
20251126,3,display,580,6,3.54
20251126,4,affiliate,298,21,34.01
20251126,5,email,152,10,0.0
20251126,6,organic_search,278,22,0.0
20251126,7,direct,280,18,0.0
20251127,1,paid_search,253,20,42.4
20251127,2,paid_social,540,35,36.63
20251127,3,display,272,3,1.66
20251127,4,affiliate,179,13,20.5
20251127,5,email,166,11,0.0
20251127,6,organic_search,257,19,0.0
20251127,7,direct,302,20,0.0
20251128,1,paid_search,248,17,41.71
20251128,2,paid_social,340,24,23.07
20251128,3,display,1047,13,6.4
20251128,4,affiliate,207,14,23.65
20251128,5,email,242,19,0.0
20251128,6,organic_search,272,20,0.0
20251128,7,direct,291,20,0.0
20251129,1,paid_search,326,24,54.73
20251129,2,paid_social,375,30,25.47
20251129,3,display,402,4,2.46
20251129,4,affiliate,185,12,21.14
20251129,5,email,159,13,0.0
20251129,6,organic_search,297,19,0.0
20251129,7,direct,360,25,0.0
20251130,1,paid_search,317,24,53.18
20251130,2,paid_social,380,27,25.78
20251130,3,display,1288,14,7.87
20251130,4,affiliate,196,14,22.44
20251130,5,email,102,7,0.0
20251130,6,organic_search,268,18,0.0
20251130,7,direct,194,17,0.0
20251201,1,paid_search,288,20,48.38
20251201,2,paid_social,375,29,25.48
20251201,3,display,645,7,3.94
20251201,4,affiliate,225,15,25.73
20251201,5,email,180,11,0.0
20251201,6,organic_search,430,27,0.0
20251201,7,direct,163,12,0.0
20251202,1,paid_search,370,27,62.09
20251202,2,paid_social,294,22,19.92
20251202,3,display,955,10,5.83
20251202,4,affiliate,231,15,26.43
20251202,5,email,172,11,0.0
20251202,6,organic_search,358,23,0.0
20251202,7,direct,207,14,0.0
20251203,1,paid_search,420,33,70.53
20251203,2,paid_social,365,24,24.74
20251203,3,display,1759,21,10.75
20251203,4,affiliate,184,14,21.03
20251203,5,email,185,13,0.0
20251203,6,organic_search,337,21,0.0
20251203,7,direct,305,24,0.0
20251204,1,paid_search,258,18,43.23
20251204,2,paid_social,448,34,30.37
20251204,3,display,1198,13,7.32
20251204,4,affiliate,131,9,14.96
20251204,5,email,209,15,0.0
20251204,6,organic_search,307,22,0.0
20251204,7,direct,227,17,0.0
20251205,1,paid_search,377,24,63.25
20251205,2,paid_social,420,30,28.53
20251205,3,display,882,10,5.39
20251205,4,affiliate,182,14,20.79
20251205,5,email,62,5,0.0
20251205,6,organic_search,369,28,0.0
20251205,7,direct,279,18,0.0
20251206,1,paid_search,307,19,51.59
20251206,2,paid_social,379,31,25.75
20251206,3,display,967,10,5.91
20251206,4,affiliate,156,10,17.79
20251206,5,email,122,9,0.0
20251206,6,organic_search,309,22,0.0
20251206,7,direct,246,22,0.0
20251207,1,paid_search,190,17,31.83
20251207,2,paid_social,327,21,22.18
20251207,3,display,1044,10,6.38
20251207,4,affiliate,174,13,19.93
20251207,5,email,139,11,0.0
20251207,6,organic_search,322,23,0.0
20251207,7,direct,295,25,0.0
20251208,1,paid_search,306,21,51.4
20251208,2,paid_social,403,27,27.33
20251208,3,display,791,10,4.83
20251208,4,affiliate,395,25,45.12
20251208,5,email,248,19,0.0
20251208,6,organic_search,316,24,0.0
20251208,7,direct,284,23,0.0
20251209,1,paid_search,303,23,50.85
20251209,2,paid_social,484,29,32.87
20251209,3,display,1761,18,10.76
20251209,4,affiliate,135,9,15.39
20251209,5,email,120,10,0.0
20251209,6,organic_search,254,19,0.0
20251209,7,direct,223,17,0.0
20251210,1,paid_search,256,17,42.95
20251210,2,paid_social,317,26,21.52
20251210,3,display,1853,19,11.32
20251210,4,affiliate,267,19,30.48
20251210,5,email,84,6,0.0
20251210,6,organic_search,204,15,0.0
20251210,7,direct,162,13,0.0
20251211,1,paid_search,341,25,57.26
20251211,2,paid_social,426,29,28.9
20251211,3,display,803,9,4.91
20251211,4,affiliate,158,11,18.06
20251211,5,email,205,14,0.0
20251211,6,organic_search,353,24,0.0
20251211,7,direct,324,24,0.0
20251212,1,paid_search,413,28,69.25
20251212,2,paid_social,390,30,26.44
20251212,3,display,635,7,3.88
20251212,4,affiliate,232,17,26.54
20251212,5,email,220,14,0.0
20251212,6,organic_search,364,24,0.0
20251212,7,direct,310,21,0.0
20251213,1,paid_search,235,19,39.42
20251213,2,paid_social,485,32,32.92
20251213,3,display,1217,13,7.44
20251213,4,affiliate,325,20,37.13
20251213,5,email,131,9,0.0
20251213,6,organic_search,332,29,0.0
20251213,7,direct,319,24,0.0
20251214,1,paid_search,419,28,70.26
20251214,2,paid_social,343,26,23.27
20251214,3,display,1008,11,6.16
20251214,4,affiliate,141,10,16.13
20251214,5,email,191,14,0.0
20251214,6,organic_search,383,28,0.0
20251214,7,direct,222,15,0.0
20251215,1,paid_search,372,27,62.47
20251215,2,paid_social,358,21,24.31
20251215,3,display,855,10,5.22
20251215,4,affiliate,297,19,33.91
20251215,5,email,163,10,0.0
20251215,6,organic_search,327,22,0.0
20251215,7,direct,272,20,0.0
20251216,1,paid_search,317,24,53.23
20251216,2,paid_social,412,32,27.96
20251216,3,display,629,8,3.85
20251216,4,affiliate,90,7,10.33
20251216,5,email,183,12,0.0
20251216,6,organic_search,249,19,0.0
20251216,7,direct,207,17,0.0
20251217,1,paid_search,448,26,75.12
20251217,2,paid_social,299,23,20.32
20251217,3,display,1032,10,6.3
20251217,4,affiliate,161,15,18.45
20251217,5,email,141,11,0.0
20251217,6,organic_search,262,22,0.0
20251217,7,direct,192,17,0.0
20251218,1,paid_search,201,17,33.73
20251218,2,paid_social,466,32,31.61
20251218,3,display,921,11,5.63
20251218,4,affiliate,209,15,23.87
20251218,5,email,87,7,0.0
20251218,6,organic_search,227,15,0.0
20251218,7,direct,190,14,0.0
20251219,1,paid_search,490,30,82.32
20251219,2,paid_social,449,28,30.5
20251219,3,display,1023,11,6.25
20251219,4,affiliate,215,15,24.62
20251219,5,email,165,12,0.0
20251219,6,organic_search,360,26,0.0
20251219,7,direct,227,17,0.0
20251220,1,paid_search,413,28,69.3
20251220,2,paid_social,553,33,37.53
20251220,3,display,1154,12,7.05
20251220,4,affiliate,219,16,25.03
20251220,5,email,162,11,0.0
20251220,6,organic_search,361,25,0.0
20251220,7,direct,317,23,0.0
20251221,1,paid_search,307,24,51.6
20251221,2,paid_social,523,40,35.49
20251221,3,display,904,11,5.52
20251221,4,affiliate,211,15,24.14
20251221,5,email,172,13,0.0
20251221,6,organic_search,339,23,0.0
20251221,7,direct,249,16,0.0
20251222,1,paid_search,307,21,51.48
20251222,2,paid_social,525,36,35.62
20251222,3,display,752,9,4.6
20251222,4,affiliate,247,18,28.24
20251222,5,email,143,12,0.0
20251222,6,organic_search,223,19,0.0
20251222,7,direct,269,19,0.0
20251223,1,paid_search,231,19,38.8
20251223,2,paid_social,442,29,29.99
20251223,3,display,1991,20,12.17
20251223,4,affiliate,183,12,20.93
20251223,5,email,254,19,0.0
20251223,6,organic_search,318,24,0.0
20251223,7,direct,173,13,0.0
20251224,1,paid_search,284,23,47.75
20251224,2,paid_social,444,30,30.13
20251224,3,display,738,8,4.51
20251224,4,affiliate,244,18,27.92
20251224,5,email,158,10,0.0
20251224,6,organic_search,381,30,0.0
20251224,7,direct,160,11,0.0
20251225,1,paid_search,534,33,89.69
20251225,2,paid_social,383,24,25.98
20251225,3,display,1244,13,7.6
20251225,4,affiliate,147,10,16.85
20251225,5,email,147,10,0.0
20251225,6,organic_search,326,21,0.0
20251225,7,direct,340,24,0.0
20251226,1,paid_search,363,24,60.97
20251226,2,paid_social,520,37,35.31
20251226,3,display,1435,16,8.77
20251226,4,affiliate,167,13,19.08
20251226,5,email,148,11,0.0
20251226,6,organic_search,377,26,0.0
20251226,7,direct,188,13,0.0
20251227,1,paid_search,352,24,59.04
20251227,2,paid_social,344,24,23.33
20251227,3,display,588,6,3.59
20251227,4,affiliate,192,15,21.89
20251227,5,email,94,7,0.0
20251227,6,organic_search,458,30,0.0
20251227,7,direct,216,17,0.0
20251228,1,paid_search,352,27,59.12
20251228,2,paid_social,579,38,39.27
20251228,3,display,1172,12,7.16
20251228,4,affiliate,184,13,21.04
20251228,5,email,186,12,0.0
20251228,6,organic_search,269,20,0.0
20251228,7,direct,358,25,0.0
20251229,1,paid_search,330,26,55.39
20251229,2,paid_social,433,33,29.37
20251229,3,display,1554,17,9.49
20251229,4,affiliate,171,11,19.6
20251229,5,email,116,8,0.0
20251229,6,organic_search,243,17,0.0
20251229,7,direct,167,13,0.0
20251230,1,paid_search,277,18,46.57
20251230,2,paid_social,409,28,27.72
20251230,3,display,615,7,3.76
20251230,4,affiliate,312,20,35.69
20251230,5,email,118,9,0.0
20251230,6,organic_search,405,26,0.0
20251230,7,direct,262,16,0.0
20251231,1,paid_search,258,19,43.39
20251231,2,paid_social,449,32,30.47
20251231,3,display,1364,15,8.34
20251231,4,affiliate,182,12,20.79
20251231,5,email,114,9,0.0
20251231,6,organic_search,257,16,0.0
20251231,7,direct,296,20,0.0
20260101,1,paid_search,228,20,38.26
20260101,2,paid_social,352,33,23.87
20260101,3,display,597,8,3.65
20260101,4,affiliate,269,21,30.7
20260101,5,email,129,7,0.0
20260101,6,organic_search,361,22,0.0
20260101,7,direct,239,19,0.0
20260102,1,paid_search,310,24,52.04
20260102,2,paid_social,586,40,39.79
20260102,3,display,1359,15,8.31
20260102,4,affiliate,354,22,40.41
20260102,5,email,157,11,0.0
20260102,6,organic_search,318,23,0.0
20260102,7,direct,162,16,0.0
20260103,1,paid_search,344,24,57.66
20260103,2,paid_social,406,33,27.54
20260103,3,display,734,9,4.48
20260103,4,affiliate,203,13,23.19
20260103,5,email,182,12,0.0
20260103,6,organic_search,273,20,0.0
20260103,7,direct,147,10,0.0
20260104,1,paid_search,290,22,48.69
20260104,2,paid_social,473,34,32.12
20260104,3,display,816,9,4.99
20260104,4,affiliate,161,11,18.36
20260104,5,email,139,10,0.0
20260104,6,organic_search,188,13,0.0
20260104,7,direct,209,16,0.0
20260105,1,paid_search,270,24,45.38
20260105,2,paid_social,457,32,30.99
20260105,3,display,824,8,5.04
20260105,4,affiliate,239,19,27.32
20260105,5,email,169,13,0.0
20260105,6,organic_search,305,20,0.0
20260105,7,direct,138,9,0.0
20260106,1,paid_search,353,27,59.23
20260106,2,paid_social,385,27,26.09
20260106,3,display,1343,18,8.21
20260106,4,affiliate,163,12,18.64
20260106,5,email,74,5,0.0
20260106,6,organic_search,412,28,0.0
20260106,7,direct,256,17,0.0
20260107,1,paid_search,411,28,68.94
20260107,2,paid_social,511,36,34.68
20260107,3,display,1233,13,7.54
20260107,4,affiliate,205,17,23.43
20260107,5,email,206,16,0.0
20260107,6,organic_search,405,31,0.0
20260107,7,direct,291,23,0.0
20260108,1,paid_search,333,26,55.81
20260108,2,paid_social,575,38,39.04
20260108,3,display,1860,19,11.36
20260108,4,affiliate,285,20,32.54
20260108,5,email,141,11,0.0
20260108,6,organic_search,377,27,0.0
20260108,7,direct,329,27,0.0
20260109,1,paid_search,456,30,76.56
20260109,2,paid_social,305,24,20.7
20260109,3,display,937,11,5.73
20260109,4,affiliate,115,11,13.15
20260109,5,email,276,17,0.0
20260109,6,organic_search,438,30,0.0
20260109,7,direct,315,19,0.0
20260110,1,paid_search,289,25,48.45
20260110,2,paid_social,474,33,32.15
20260110,3,display,1273,14,7.78
20260110,4,affiliate,308,20,35.2
20260110,5,email,150,10,0.0
20260110,6,organic_search,457,33,0.0
20260110,7,direct,301,22,0.0
20260111,1,paid_search,413,29,69.26
20260111,2,paid_social,353,25,23.96
20260111,3,display,597,6,3.65
20260111,4,affiliate,186,15,21.28
20260111,5,email,149,9,0.0
20260111,6,organic_search,240,22,0.0
20260111,7,direct,296,23,0.0
20260112,1,paid_search,234,17,39.25
20260112,2,paid_social,491,36,33.35
20260112,3,display,602,7,3.68
20260112,4,affiliate,332,23,37.98
20260112,5,email,155,11,0.0
20260112,6,organic_search,272,22,0.0
20260112,7,direct,243,19,0.0
20260113,1,paid_search,367,24,61.67
20260113,2,paid_social,409,29,27.74
20260113,3,display,977,12,5.97
20260113,4,affiliate,159,12,18.2
20260113,5,email,115,8,0.0
20260113,6,organic_search,317,21,0.0
20260113,7,direct,359,28,0.0
20260114,1,paid_search,308,23,51.76
20260114,2,paid_social,418,38,28.35
20260114,3,display,1420,15,8.68
20260114,4,affiliate,466,30,53.31
20260114,5,email,116,10,0.0
20260114,6,organic_search,284,26,0.0
20260114,7,direct,241,17,0.0
20260115,1,paid_search,397,25,66.61
20260115,2,paid_social,557,37,37.8
20260115,3,display,779,7,4.76
20260115,4,affiliate,206,14,23.53
20260115,5,email,124,11,0.0
20260115,6,organic_search,318,22,0.0
20260115,7,direct,381,26,0.0
20260116,1,paid_search,327,24,54.85
20260116,2,paid_social,588,35,39.89
20260116,3,display,1191,13,7.28
20260116,4,affiliate,127,10,14.55
20260116,5,email,54,4,0.0
20260116,6,organic_search,413,26,0.0
20260116,7,direct,275,19,0.0
20260117,1,paid_search,294,19,49.33
20260117,2,paid_social,348,26,23.6
20260117,3,display,694,8,4.24
20260117,4,affiliate,195,16,22.32
20260117,5,email,197,14,0.0
20260117,6,organic_search,402,31,0.0
20260117,7,direct,285,21,0.0
20260118,1,paid_search,546,34,91.69
20260118,2,paid_social,629,41,42.71
20260118,3,display,1335,14,8.16
20260118,4,affiliate,167,12,19.14
20260118,5,email,109,9,0.0
20260118,6,organic_search,279,22,0.0
20260118,7,direct,293,20,0.0
20260119,1,paid_search,327,25,54.84
20260119,2,paid_social,393,25,26.64
20260119,3,display,1134,11,6.93
20260119,4,affiliate,168,12,19.23
20260119,5,email,116,10,0.0
20260119,6,organic_search,382,26,0.0
20260119,7,direct,372,26,0.0
20260120,1,paid_search,361,26,60.65
20260120,2,paid_social,452,31,30.65
20260120,3,display,988,11,6.04
20260120,4,affiliate,147,10,16.81
20260120,5,email,112,8,0.0
20260120,6,organic_search,239,18,0.0
20260120,7,direct,266,20,0.0
20260121,1,paid_search,307,21,51.48
20260121,2,paid_social,284,19,19.27
20260121,3,display,654,7,4.0
20260121,4,affiliate,328,21,37.52
20260121,5,email,137,11,0.0
20260121,6,organic_search,525,33,0.0
20260121,7,direct,294,21,0.0
20260122,1,paid_search,344,22,57.78
20260122,2,paid_social,385,30,26.15
20260122,3,display,1704,18,10.42
20260122,4,affiliate,219,17,25.02
20260122,5,email,55,4,0.0
20260122,6,organic_search,462,29,0.0
20260122,7,direct,244,17,0.0
20260123,1,paid_search,323,23,54.15
20260123,2,paid_social,476,34,32.27
20260123,3,display,1522,15,9.3
20260123,4,affiliate,239,16,27.36
20260123,5,email,155,10,0.0
20260123,6,organic_search,420,27,0.0
20260123,7,direct,411,28,0.0
20260124,1,paid_search,308,21,51.76
20260124,2,paid_social,428,31,29.03
20260124,3,display,2107,21,12.88
20260124,4,affiliate,241,18,27.52
20260124,5,email,202,16,0.0
20260124,6,organic_search,448,31,0.0
20260124,7,direct,283,18,0.0
20260125,1,paid_search,488,31,81.88
20260125,2,paid_social,554,37,37.59
20260125,3,display,1624,17,9.92
20260125,4,affiliate,139,12,15.86
20260125,5,email,144,13,0.0
20260125,6,organic_search,387,31,0.0
20260125,7,direct,239,17,0.0
20260126,1,paid_search,349,24,58.56
20260126,2,paid_social,542,40,36.8
20260126,3,display,981,12,6.0
20260126,4,affiliate,217,17,24.75
20260126,5,email,233,14,0.0
20260126,6,organic_search,481,33,0.0
20260126,7,direct,287,20,0.0
20260127,1,paid_search,286,22,47.95
20260127,2,paid_social,476,37,32.31
20260127,3,display,988,10,6.04
20260127,4,affiliate,151,10,17.21
20260127,5,email,100,7,0.0
20260127,6,organic_search,306,25,0.0
20260127,7,direct,415,30,0.0
20260128,1,paid_search,265,23,44.45
20260128,2,paid_social,428,26,29.02
20260128,3,display,1506,16,9.2
20260128,4,affiliate,227,19,25.97
20260128,5,email,106,8,0.0
20260128,6,organic_search,241,18,0.0
20260128,7,direct,233,17,0.0
20260129,1,paid_search,296,25,49.65
20260129,2,paid_social,364,33,24.67
20260129,3,display,2052,21,12.54
20260129,4,affiliate,289,17,33.02
20260129,5,email,115,9,0.0
20260129,6,organic_search,315,24,0.0
20260129,7,direct,398,26,0.0
20260130,1,paid_search,402,28,67.53
20260130,2,paid_social,594,35,40.3
20260130,3,display,1138,13,6.96
20260130,4,affiliate,185,15,21.16
20260130,5,email,88,6,0.0
20260130,6,organic_search,308,23,0.0
20260130,7,direct,323,21,0.0
20260131,1,paid_search,489,39,82.01
20260131,2,paid_social,487,35,33.08
20260131,3,display,932,10,5.7
20260131,4,affiliate,208,15,23.81
20260131,5,email,99,7,0.0
20260131,6,organic_search,319,23,0.0
20260131,7,direct,346,25,0.0
20260201,1,paid_search,255,21,42.79
20260201,2,paid_social,288,21,19.57
20260201,3,display,1035,13,6.32
20260201,4,affiliate,264,17,30.13
20260201,5,email,105,9,0.0
20260201,6,organic_search,173,13,0.0
20260201,7,direct,374,25,0.0
20260202,1,paid_search,284,21,47.69
20260202,2,paid_social,551,37,37.38
20260202,3,display,1730,19,10.57
20260202,4,affiliate,229,15,26.2
20260202,5,email,140,11,0.0
20260202,6,organic_search,440,29,0.0
20260202,7,direct,240,17,0.0
20260203,1,paid_search,355,25,59.63
20260203,2,paid_social,404,32,27.42
20260203,3,display,1019,13,6.23
20260203,4,affiliate,347,25,39.63
20260203,5,email,111,8,0.0
20260203,6,organic_search,457,31,0.0
20260203,7,direct,293,23,0.0
20260204,1,paid_search,584,39,98.02
20260204,2,paid_social,494,31,33.5
20260204,3,display,876,9,5.35
20260204,4,affiliate,151,11,17.23
20260204,5,email,156,11,0.0
20260204,6,organic_search,308,20,0.0
20260204,7,direct,288,19,0.0
20260205,1,paid_search,465,32,78.09
20260205,2,paid_social,312,25,21.2
20260205,3,display,1100,14,6.72
20260205,4,affiliate,155,13,17.74
20260205,5,email,90,6,0.0
20260205,6,organic_search,323,22,0.0
20260205,7,direct,360,24,0.0
20260206,1,paid_search,258,21,43.26
20260206,2,paid_social,315,23,21.35
20260206,3,display,931,10,5.69
20260206,4,affiliate,243,23,27.82
20260206,5,email,176,13,0.0
20260206,6,organic_search,448,30,0.0
20260206,7,direct,318,24,0.0
20260207,1,paid_search,316,21,52.96
20260207,2,paid_social,571,36,38.78
20260207,3,display,1023,12,6.25
20260207,4,affiliate,220,17,25.17
20260207,5,email,165,12,0.0
20260207,6,organic_search,460,29,0.0
20260207,7,direct,179,12,0.0
20260208,1,paid_search,314,21,52.71
20260208,2,paid_social,311,22,21.08
20260208,3,display,744,8,4.55
20260208,4,affiliate,159,11,18.14
20260208,5,email,123,9,0.0
20260208,6,organic_search,307,23,0.0
20260208,7,direct,242,19,0.0
20260209,1,paid_search,309,22,51.8
20260209,2,paid_social,438,40,29.7
20260209,3,display,819,9,5.01
20260209,4,affiliate,238,16,27.2
20260209,5,email,152,11,0.0
20260209,6,organic_search,357,24,0.0
20260209,7,direct,372,26,0.0
20260210,1,paid_search,245,17,41.2
20260210,2,paid_social,346,24,23.49
20260210,3,display,1235,15,7.55
20260210,4,affiliate,155,13,17.74
20260210,5,email,165,11,0.0
20260210,6,organic_search,262,21,0.0
20260210,7,direct,254,17,0.0
20260211,1,paid_search,348,31,58.35
20260211,2,paid_social,390,27,26.48
20260211,3,display,1077,12,6.58
20260211,4,affiliate,278,22,31.75
20260211,5,email,174,12,0.0
20260211,6,organic_search,400,27,0.0
20260211,7,direct,262,20,0.0
20260212,1,paid_search,205,17,34.45
20260212,2,paid_social,319,22,21.67
20260212,3,display,678,9,4.15
20260212,4,affiliate,173,14,19.82
20260212,5,email,245,16,0.0
20260212,6,organic_search,338,23,0.0
20260212,7,direct,227,16,0.0
20260213,1,paid_search,396,31,66.47
20260213,2,paid_social,334,23,22.66
20260213,3,display,1103,13,6.74
20260213,4,affiliate,236,16,26.99
20260213,5,email,122,8,0.0
20260213,6,organic_search,344,25,0.0
20260213,7,direct,292,24,0.0
20260214,1,paid_search,203,15,34.09
20260214,2,paid_social,449,36,30.46
20260214,3,display,921,11,5.63
20260214,4,affiliate,138,10,15.74
20260214,5,email,198,15,0.0
20260214,6,organic_search,436,29,0.0
20260214,7,direct,299,23,0.0
20260215,1,paid_search,236,15,39.62
20260215,2,paid_social,462,32,31.37
20260215,3,display,1511,18,9.23
20260215,4,affiliate,76,6,8.69
20260215,5,email,166,12,0.0
20260215,6,organic_search,260,22,0.0
20260215,7,direct,282,17,0.0
20260216,1,paid_search,362,26,60.77
20260216,2,paid_social,433,27,29.4
20260216,3,display,760,9,4.65
20260216,4,affiliate,170,14,19.4
20260216,5,email,116,8,0.0
20260216,6,organic_search,213,17,0.0
20260216,7,direct,174,12,0.0
20260217,1,paid_search,323,24,54.18
20260217,2,paid_social,388,24,26.32
20260217,3,display,468,5,2.86
20260217,4,affiliate,280,19,31.97
20260217,5,email,109,8,0.0
20260217,6,organic_search,423,30,0.0
20260217,7,direct,263,18,0.0
20260218,1,paid_search,341,25,57.31
20260218,2,paid_social,482,36,32.68
20260218,3,display,1297,14,7.93
20260218,4,affiliate,161,12,18.41
20260218,5,email,115,8,0.0
20260218,6,organic_search,237,16,0.0
20260218,7,direct,230,15,0.0
20260219,1,paid_search,323,24,54.28
20260219,2,paid_social,464,35,31.47
20260219,3,display,1099,14,6.71
20260219,4,affiliate,192,16,21.99
20260219,5,email,202,14,0.0
20260219,6,organic_search,265,17,0.0
20260219,7,direct,194,13,0.0
20260220,1,paid_search,324,24,54.44
20260220,2,paid_social,352,28,23.86
20260220,3,display,1529,15,9.34
20260220,4,affiliate,167,12,19.04
20260220,5,email,130,9,0.0
20260220,6,organic_search,325,22,0.0
20260220,7,direct,250,18,0.0
20260221,1,paid_search,396,28,66.39
20260221,2,paid_social,327,30,22.2
20260221,3,display,1245,14,7.61
20260221,4,affiliate,170,12,19.43
20260221,5,email,109,8,0.0
20260221,6,organic_search,305,24,0.0
20260221,7,direct,318,25,0.0
20260222,1,paid_search,317,22,53.25
20260222,2,paid_social,583,37,39.55
20260222,3,display,1256,17,7.67
20260222,4,affiliate,223,18,25.49
20260222,5,email,219,16,0.0
20260222,6,organic_search,295,22,0.0
20260222,7,direct,171,13,0.0
20260223,1,paid_search,462,31,77.61
20260223,2,paid_social,382,32,25.91
20260223,3,display,2154,22,13.17
20260223,4,affiliate,166,11,18.99
20260223,5,email,135,10,0.0
20260223,6,organic_search,266,20,0.0
20260223,7,direct,250,21,0.0
20260224,1,paid_search,361,26,60.65
20260224,2,paid_social,334,26,22.66
20260224,3,display,1024,12,6.26
20260224,4,affiliate,237,16,27.12
20260224,5,email,105,7,0.0
20260224,6,organic_search,420,30,0.0
20260224,7,direct,292,23,0.0
20260225,1,paid_search,331,24,55.61
20260225,2,paid_social,518,32,35.17
20260225,3,display,1488,14,9.09
20260225,4,affiliate,330,21,37.77
20260225,5,email,122,8,0.0
20260225,6,organic_search,281,19,0.0
20260225,7,direct,129,10,0.0
20260226,1,paid_search,390,28,65.46
20260226,2,paid_social,520,34,35.26
20260226,3,display,629,7,3.84
20260226,4,affiliate,209,15,23.86
20260226,5,email,239,18,0.0
20260226,6,organic_search,257,18,0.0
20260226,7,direct,218,16,0.0
20260227,1,paid_search,414,27,69.42
20260227,2,paid_social,593,37,40.27
20260227,3,display,1052,12,6.43
20260227,4,affiliate,358,25,40.92
20260227,5,email,184,16,0.0
20260227,6,organic_search,337,25,0.0
20260227,7,direct,288,21,0.0
20260228,1,paid_search,455,28,76.31
20260228,2,paid_social,362,24,24.59
20260228,3,display,1034,11,6.32
20260228,4,affiliate,306,25,34.92
20260228,5,email,192,14,0.0
20260228,6,organic_search,274,23,0.0
20260228,7,direct,248,16,0.0
20260301,1,paid_search,254,20,42.6
20260301,2,paid_social,310,21,21.04
20260301,3,display,1364,16,8.34
20260301,4,affiliate,175,14,20.01
20260301,5,email,135,10,0.0
20260301,6,organic_search,259,19,0.0
20260301,7,direct,264,18,0.0
20260302,1,paid_search,296,24,49.61
20260302,2,paid_social,467,34,31.69
20260302,3,display,1841,17,11.25
20260302,4,affiliate,187,12,21.33
20260302,5,email,104,8,0.0
20260302,6,organic_search,350,24,0.0
20260302,7,direct,251,18,0.0
20260303,1,paid_search,353,27,59.22
20260303,2,paid_social,509,35,34.52
20260303,3,display,1004,11,6.14
20260303,4,affiliate,160,13,18.28
20260303,5,email,212,16,0.0
20260303,6,organic_search,364,24,0.0
20260303,7,direct,365,25,0.0
20260304,1,paid_search,291,21,48.86
20260304,2,paid_social,424,28,28.8
20260304,3,display,965,10,5.9
20260304,4,affiliate,465,28,53.12
20260304,5,email,162,11,0.0
20260304,6,organic_search,296,21,0.0
20260304,7,direct,211,14,0.0
20260305,1,paid_search,399,32,67.0
20260305,2,paid_social,343,25,23.28
20260305,3,display,1599,19,9.77
20260305,4,affiliate,141,10,16.11
20260305,5,email,141,9,0.0
20260305,6,organic_search,280,22,0.0
20260305,7,direct,320,22,0.0
20260306,1,paid_search,244,17,40.93
20260306,2,paid_social,535,38,36.33
20260306,3,display,1046,13,6.39
20260306,4,affiliate,198,14,22.59
20260306,5,email,128,9,0.0
20260306,6,organic_search,381,25,0.0
20260306,7,direct,277,20,0.0
20260307,1,paid_search,424,32,71.12
20260307,2,paid_social,503,33,34.14
20260307,3,display,1269,12,7.76
20260307,4,affiliate,149,11,17.06
20260307,5,email,114,8,0.0
20260307,6,organic_search,293,23,0.0
20260307,7,direct,236,16,0.0
20260308,1,paid_search,328,20,55.05
20260308,2,paid_social,561,37,38.08
20260308,3,display,1171,14,7.15
20260308,4,affiliate,226,17,25.86
20260308,5,email,152,11,0.0
20260308,6,organic_search,217,15,0.0
20260308,7,direct,359,24,0.0
20260309,1,paid_search,255,21,42.76
20260309,2,paid_social,377,31,25.6
20260309,3,display,1366,16,8.35
20260309,4,affiliate,314,19,35.89
20260309,5,email,103,9,0.0
20260309,6,organic_search,441,29,0.0
20260309,7,direct,170,12,0.0
20260310,1,paid_search,306,25,51.38
20260310,2,paid_social,312,19,21.15
20260310,3,display,845,10,5.16
20260310,4,affiliate,103,8,11.79
20260310,5,email,140,12,0.0
20260310,6,organic_search,239,19,0.0
20260310,7,direct,355,26,0.0
20260311,1,paid_search,369,24,61.86
20260311,2,paid_social,479,37,32.52
20260311,3,display,1096,12,6.7
20260311,4,affiliate,184,13,21.01
20260311,5,email,168,13,0.0
20260311,6,organic_search,358,28,0.0
20260311,7,direct,213,16,0.0
20260312,1,paid_search,232,19,39.01
20260312,2,paid_social,405,34,27.46
20260312,3,display,1113,12,6.8
20260312,4,affiliate,156,13,17.84
20260312,5,email,143,11,0.0
20260312,6,organic_search,307,26,0.0
20260312,7,direct,271,20,0.0
20260313,1,paid_search,190,16,31.93
20260313,2,paid_social,303,23,20.57
20260313,3,display,1008,14,6.16
20260313,4,affiliate,234,18,26.8
20260313,5,email,173,14,0.0
20260313,6,organic_search,414,29,0.0
20260313,7,direct,288,22,0.0
20260314,1,paid_search,479,34,80.47
20260314,2,paid_social,406,30,27.58
20260314,3,display,1419,17,8.67
20260314,4,affiliate,135,11,15.47
20260314,5,email,236,17,0.0
20260314,6,organic_search,255,26,0.0
20260314,7,direct,233,15,0.0
20260315,1,paid_search,391,31,65.57
20260315,2,paid_social,452,29,30.69
20260315,3,display,1382,16,8.44
20260315,4,affiliate,203,15,23.19
20260315,5,email,89,6,0.0
20260315,6,organic_search,250,19,0.0
20260315,7,direct,205,15,0.0
20260316,1,paid_search,252,17,42.22
20260316,2,paid_social,348,29,23.62
20260316,3,display,515,6,3.15
20260316,4,affiliate,225,17,25.68
20260316,5,email,145,10,0.0
20260316,6,organic_search,293,21,0.0
20260316,7,direct,268,20,0.0
20260317,1,paid_search,333,25,55.97
20260317,2,paid_social,422,31,28.66
20260317,3,display,1121,13,6.85
20260317,4,affiliate,235,16,26.88
20260317,5,email,229,16,0.0
20260317,6,organic_search,313,26,0.0
20260317,7,direct,269,18,0.0
20260318,1,paid_search,363,25,60.92
20260318,2,paid_social,447,31,30.34
20260318,3,display,1826,17,11.16
20260318,4,affiliate,113,10,12.94
20260318,5,email,168,12,0.0
20260318,6,organic_search,330,22,0.0
20260318,7,direct,268,20,0.0
20260319,1,paid_search,406,26,68.21
20260319,2,paid_social,479,33,32.51
20260319,3,display,779,8,4.76
20260319,4,affiliate,152,13,17.38
20260319,5,email,221,14,0.0
20260319,6,organic_search,514,32,0.0
20260319,7,direct,288,19,0.0
20260320,1,paid_search,339,27,56.87
20260320,2,paid_social,554,43,37.58
20260320,3,display,997,11,6.09
20260320,4,affiliate,166,12,18.95
20260320,5,email,155,12,0.0
20260320,6,organic_search,459,30,0.0
20260320,7,direct,291,20,0.0
20260321,1,paid_search,377,25,63.26
20260321,2,paid_social,426,28,28.93
20260321,3,display,1301,14,7.95
20260321,4,affiliate,173,13,19.76
20260321,5,email,163,12,0.0
20260321,6,organic_search,294,21,0.0
20260321,7,direct,223,17,0.0
20260322,1,paid_search,271,21,45.52
20260322,2,paid_social,508,37,34.47
20260322,3,display,1401,15,8.56
20260322,4,affiliate,164,12,18.74
20260322,5,email,205,13,0.0
20260322,6,organic_search,400,27,0.0
20260322,7,direct,317,20,0.0
20260323,1,paid_search,347,23,58.25
20260323,2,paid_social,423,32,28.67
20260323,3,display,1040,13,6.36
20260323,4,affiliate,214,17,24.5
20260323,5,email,111,7,0.0
20260323,6,organic_search,283,21,0.0
20260323,7,direct,281,19,0.0
20260324,1,paid_search,468,29,78.61
20260324,2,paid_social,437,34,29.68
20260324,3,display,1302,13,7.96
20260324,4,affiliate,405,30,46.25
20260324,5,email,173,12,0.0
20260324,6,organic_search,406,31,0.0
20260324,7,direct,299,21,0.0
20260325,1,paid_search,439,30,73.65
20260325,2,paid_social,325,24,22.04
20260325,3,display,962,12,5.88
20260325,4,affiliate,339,26,38.71
20260325,5,email,114,9,0.0
20260325,6,organic_search,364,27,0.0
20260325,7,direct,281,20,0.0
20260326,1,paid_search,314,25,52.68
20260326,2,paid_social,434,31,29.48
20260326,3,display,1315,14,8.03
20260326,4,affiliate,227,16,25.9
20260326,5,email,152,13,0.0
20260326,6,organic_search,455,34,0.0
20260326,7,direct,268,19,0.0
20260327,1,paid_search,533,36,89.49
20260327,2,paid_social,551,36,37.4
20260327,3,display,2057,23,12.57
20260327,4,affiliate,199,18,22.72
20260327,5,email,209,14,0.0
20260327,6,organic_search,280,23,0.0
20260327,7,direct,212,14,0.0
20260328,1,paid_search,372,29,62.36
20260328,2,paid_social,408,31,27.7
20260328,3,display,739,7,4.52
20260328,4,affiliate,277,17,31.7
20260328,5,email,80,6,0.0
20260328,6,organic_search,301,22,0.0
20260328,7,direct,302,22,0.0
20260329,1,paid_search,368,28,61.74
20260329,2,paid_social,463,28,31.4
20260329,3,display,1014,11,6.2
20260329,4,affiliate,218,14,24.87
20260329,5,email,201,13,0.0
20260329,6,organic_search,379,27,0.0
20260329,7,direct,348,26,0.0
20260330,1,paid_search,334,25,55.99
20260330,2,paid_social,335,28,22.73
20260330,3,display,1310,13,8.01
20260330,4,affiliate,338,23,38.65
20260330,5,email,216,15,0.0
20260330,6,organic_search,531,35,0.0
20260330,7,direct,223,17,0.0
20260331,1,paid_search,274,20,46.04
20260331,2,paid_social,424,33,28.76
20260331,3,display,1345,13,8.22
20260331,4,affiliate,279,16,31.83
20260331,5,email,119,9,0.0
20260331,6,organic_search,314,21,0.0
20260331,7,direct,257,21,0.0
20260401,1,paid_search,356,29,59.83
20260401,2,paid_social,507,34,34.38
20260401,3,display,1627,19,9.94
20260401,4,affiliate,198,14,22.59
20260401,5,email,167,15,0.0
20260401,6,organic_search,375,26,0.0
20260401,7,direct,268,22,0.0
20260402,1,paid_search,356,31,59.79
20260402,2,paid_social,586,41,39.79
20260402,3,display,897,10,5.48
20260402,4,affiliate,300,21,34.26
20260402,5,email,198,15,0.0
20260402,6,organic_search,280,21,0.0
20260402,7,direct,290,21,0.0
20260403,1,paid_search,297,22,49.82
20260403,2,paid_social,432,29,29.34
20260403,3,display,874,9,5.34
20260403,4,affiliate,157,13,17.95
20260403,5,email,306,24,0.0
20260403,6,organic_search,329,25,0.0
20260403,7,direct,182,13,0.0
20260404,1,paid_search,265,19,44.55
20260404,2,paid_social,510,33,34.58
20260404,3,display,977,11,5.97
20260404,4,affiliate,312,22,35.64
20260404,5,email,224,15,0.0
20260404,6,organic_search,368,28,0.0
20260404,7,direct,311,23,0.0
20260405,1,paid_search,281,22,47.2
20260405,2,paid_social,435,30,29.49
20260405,3,display,1031,12,6.3
20260405,4,affiliate,158,12,18.05
20260405,5,email,79,6,0.0
20260405,6,organic_search,193,16,0.0
20260405,7,direct,366,25,0.0
20260406,1,paid_search,348,26,58.39
20260406,2,paid_social,532,40,36.09
20260406,3,display,1526,15,9.32
20260406,4,affiliate,255,20,29.09
20260406,5,email,141,10,0.0
20260406,6,organic_search,381,27,0.0
20260406,7,direct,262,20,0.0
20260407,1,paid_search,288,22,48.4
20260407,2,paid_social,412,30,27.99
20260407,3,display,1040,10,6.35
20260407,4,affiliate,289,20,33.02
20260407,5,email,185,12,0.0
20260407,6,organic_search,407,24,0.0
20260407,7,direct,290,22,0.0
20260408,1,paid_search,312,24,52.32
20260408,2,paid_social,367,27,24.88
20260408,3,display,899,10,5.49
20260408,4,affiliate,134,8,15.35
20260408,5,email,82,6,0.0
20260408,6,organic_search,401,27,0.0
20260408,7,direct,214,15,0.0
20260409,1,paid_search,467,34,78.43
20260409,2,paid_social,470,30,31.9
20260409,3,display,1161,15,7.1
20260409,4,affiliate,206,18,23.5
20260409,5,email,128,9,0.0
20260409,6,organic_search,249,19,0.0
20260409,7,direct,209,16,0.0
20260410,1,paid_search,365,26,61.21
20260410,2,paid_social,307,22,20.84
20260410,3,display,739,9,4.52
20260410,4,affiliate,169,12,19.35
20260410,5,email,213,14,0.0
20260410,6,organic_search,369,29,0.0
20260410,7,direct,275,20,0.0
20260411,1,paid_search,404,29,67.74
20260411,2,paid_social,521,36,35.38
20260411,3,display,1116,13,6.82
20260411,4,affiliate,289,20,32.97
20260411,5,email,163,12,0.0
20260411,6,organic_search,256,17,0.0
20260411,7,direct,160,12,0.0
20260412,1,paid_search,381,23,63.92
20260412,2,paid_social,582,43,39.48
20260412,3,display,1517,17,9.27
20260412,4,affiliate,226,16,25.88
20260412,5,email,84,6,0.0
20260412,6,organic_search,282,17,0.0
20260412,7,direct,185,14,0.0
20260413,1,paid_search,354,22,59.48
20260413,2,paid_social,556,36,37.74
20260413,3,display,1101,14,6.73
20260413,4,affiliate,268,16,30.61
20260413,5,email,168,10,0.0
20260413,6,organic_search,298,21,0.0
20260413,7,direct,161,12,0.0
20260414,1,paid_search,350,22,58.69
20260414,2,paid_social,496,31,33.66
20260414,3,display,1470,17,8.98
20260414,4,affiliate,201,17,22.97
20260414,5,email,131,9,0.0
20260414,6,organic_search,338,23,0.0
20260414,7,direct,283,19,0.0
20260415,1,paid_search,242,18,40.7
20260415,2,paid_social,388,29,26.3
20260415,3,display,1196,13,7.31
20260415,4,affiliate,353,23,40.34
20260415,5,email,83,6,0.0
20260415,6,organic_search,219,16,0.0
20260415,7,direct,225,17,0.0
20260416,1,paid_search,297,23,49.81
20260416,2,paid_social,264,19,17.9
20260416,3,display,1113,12,6.8
20260416,4,affiliate,262,16,29.95
20260416,5,email,144,10,0.0
20260416,6,organic_search,447,32,0.0
20260416,7,direct,346,22,0.0
20260417,1,paid_search,288,20,48.4
20260417,2,paid_social,492,32,33.41
20260417,3,display,955,11,5.83
20260417,4,affiliate,175,13,19.95
20260417,5,email,113,8,0.0
20260417,6,organic_search,291,22,0.0
20260417,7,direct,302,22,0.0
20260418,1,paid_search,364,24,61.06
20260418,2,paid_social,505,37,34.28
20260418,3,display,887,9,5.42
20260418,4,affiliate,191,15,21.85
20260418,5,email,276,18,0.0
20260418,6,organic_search,294,19,0.0
20260418,7,direct,232,16,0.0
20260419,1,paid_search,320,24,53.7
20260419,2,paid_social,382,31,25.91
20260419,3,display,1043,11,6.37
20260419,4,affiliate,251,20,28.7
20260419,5,email,198,13,0.0
20260419,6,organic_search,337,23,0.0
20260419,7,direct,176,11,0.0
20260420,1,paid_search,352,25,59.1
20260420,2,paid_social,344,34,23.34
20260420,3,display,785,10,4.8
20260420,4,affiliate,222,14,25.33
20260420,5,email,136,9,0.0
20260420,6,organic_search,220,16,0.0
20260420,7,direct,226,18,0.0
20260421,1,paid_search,413,28,69.33
20260421,2,paid_social,479,42,32.53
20260421,3,display,1305,15,7.98
20260421,4,affiliate,183,14,20.9
20260421,5,email,115,10,0.0
20260421,6,organic_search,238,20,0.0
20260421,7,direct,201,16,0.0
20260422,1,paid_search,289,21,48.47
20260422,2,paid_social,545,38,36.98
20260422,3,display,720,8,4.4
20260422,4,affiliate,296,21,33.86
20260422,5,email,96,8,0.0
20260422,6,organic_search,293,21,0.0
20260422,7,direct,209,14,0.0
20260423,1,paid_search,319,23,53.48
20260423,2,paid_social,311,26,21.11
20260423,3,display,912,10,5.58
20260423,4,affiliate,283,22,32.34
20260423,5,email,162,10,0.0
20260423,6,organic_search,231,17,0.0
20260423,7,direct,246,18,0.0
20260424,1,paid_search,414,28,69.55
20260424,2,paid_social,338,25,22.95
20260424,3,display,1113,12,6.8
20260424,4,affiliate,106,7,12.15
20260424,5,email,91,6,0.0
20260424,6,organic_search,331,24,0.0
20260424,7,direct,280,21,0.0
20260425,1,paid_search,324,23,54.43
20260425,2,paid_social,492,32,33.41
20260425,3,display,1113,12,6.8
20260425,4,affiliate,259,20,29.59
20260425,5,email,86,6,0.0
20260425,6,organic_search,343,25,0.0
20260425,7,direct,206,16,0.0
20260426,1,paid_search,194,12,32.53
20260426,2,paid_social,391,33,26.56
20260426,3,display,1169,13,7.14
20260426,4,affiliate,186,13,21.23
20260426,5,email,96,7,0.0
20260426,6,organic_search,287,22,0.0
20260426,7,direct,166,12,0.0
20260427,1,paid_search,475,31,79.8
20260427,2,paid_social,435,33,29.55
20260427,3,display,1301,16,7.95
20260427,4,affiliate,266,23,30.36
20260427,5,email,124,9,0.0
20260427,6,organic_search,440,29,0.0
20260427,7,direct,401,27,0.0
20260428,1,paid_search,319,22,53.6
20260428,2,paid_social,488,36,33.1
20260428,3,display,1088,11,6.65
20260428,4,affiliate,99,8,11.27
20260428,5,email,122,9,0.0
20260428,6,organic_search,358,28,0.0
20260428,7,direct,323,23,0.0
20260429,1,paid_search,354,25,59.36
20260429,2,paid_social,352,29,23.9
20260429,3,display,1308,15,7.99
20260429,4,affiliate,170,13,19.39
20260429,5,email,154,12,0.0
20260429,6,organic_search,371,28,0.0
20260429,7,direct,374,22,0.0
20260430,1,paid_search,342,24,57.4
20260430,2,paid_social,353,27,23.96
20260430,3,display,920,9,5.62
20260430,4,affiliate,184,15,21.04
20260430,5,email,140,11,0.0
20260430,6,organic_search,295,23,0.0
20260430,7,direct,267,19,0.0
20260501,1,paid_search,293,24,49.12
20260501,2,paid_social,265,18,17.98
20260501,3,display,930,12,5.68
20260501,4,affiliate,59,4,6.7
20260501,5,email,118,8,0.0
20260501,6,organic_search,308,26,0.0
20260501,7,direct,268,18,0.0
20260502,1,paid_search,296,21,49.72
20260502,2,paid_social,456,35,30.92
20260502,3,display,597,8,3.65
20260502,4,affiliate,254,19,29.04
20260502,5,email,216,15,0.0
20260502,6,organic_search,239,17,0.0
20260502,7,direct,368,25,0.0
20260503,1,paid_search,412,29,69.23
20260503,2,paid_social,459,31,31.14
20260503,3,display,1468,15,8.97
20260503,4,affiliate,284,19,32.44
20260503,5,email,182,12,0.0
20260503,6,organic_search,278,21,0.0
20260503,7,direct,230,15,0.0
20260504,1,paid_search,385,29,64.64
20260504,2,paid_social,247,20,16.76
20260504,3,display,1379,14,8.43
20260504,4,affiliate,172,12,19.63
20260504,5,email,234,15,0.0
20260504,6,organic_search,351,27,0.0
20260504,7,direct,203,14,0.0
20260505,1,paid_search,397,25,66.62
20260505,2,paid_social,461,32,31.27
20260505,3,display,841,10,5.14
20260505,4,affiliate,123,9,14.04
20260505,5,email,102,8,0.0
20260505,6,organic_search,256,18,0.0
20260505,7,direct,264,19,0.0
20260506,1,paid_search,372,25,62.48
20260506,2,paid_social,405,29,27.48
20260506,3,display,1139,13,6.96
20260506,4,affiliate,174,12,19.87
20260506,5,email,142,12,0.0
20260506,6,organic_search,461,31,0.0
20260506,7,direct,195,16,0.0
20260507,1,paid_search,224,19,37.58
20260507,2,paid_social,503,34,34.12
20260507,3,display,1343,16,8.21
20260507,4,affiliate,181,14,20.67
20260507,5,email,122,9,0.0
20260507,6,organic_search,282,21,0.0
20260507,7,direct,235,17,0.0
20260508,1,paid_search,421,26,70.68
20260508,2,paid_social,491,36,33.29
20260508,3,display,763,8,4.66
20260508,4,affiliate,233,18,26.67
20260508,5,email,112,9,0.0
20260508,6,organic_search,507,35,0.0
20260508,7,direct,306,21,0.0
20260509,1,paid_search,392,27,65.84
20260509,2,paid_social,475,32,32.24
20260509,3,display,688,8,4.21
20260509,4,affiliate,170,12,19.39
20260509,5,email,149,10,0.0
20260509,6,organic_search,307,23,0.0
20260509,7,direct,321,22,0.0
20260510,1,paid_search,475,30,79.66
20260510,2,paid_social,246,20,16.7
20260510,3,display,860,10,5.26
20260510,4,affiliate,283,20,32.32
20260510,5,email,98,7,0.0
20260510,6,organic_search,254,19,0.0
20260510,7,direct,296,22,0.0
20260511,1,paid_search,222,15,37.2
20260511,2,paid_social,379,33,25.7
20260511,3,display,934,12,5.71
20260511,4,affiliate,146,11,16.71
20260511,5,email,120,9,0.0
20260511,6,organic_search,424,36,0.0
20260511,7,direct,311,21,0.0
20260512,1,paid_search,345,25,57.94
20260512,2,paid_social,620,45,42.1
20260512,3,display,1351,15,8.26
20260512,4,affiliate,193,13,22.05
20260512,5,email,42,3,0.0
20260512,6,organic_search,254,19,0.0
20260512,7,direct,231,18,0.0
20260513,1,paid_search,293,23,49.24
20260513,2,paid_social,319,26,21.63
20260513,3,display,1027,12,6.28
20260513,4,affiliate,256,15,29.23
20260513,5,email,144,11,0.0
20260513,6,organic_search,227,21,0.0
20260513,7,direct,211,16,0.0
20260514,1,paid_search,431,28,72.32
20260514,2,paid_social,507,38,34.37
20260514,3,display,1168,12,7.14
20260514,4,affiliate,127,10,14.46
20260514,5,email,204,15,0.0
20260514,6,organic_search,212,16,0.0
20260514,7,direct,337,26,0.0
20260515,1,paid_search,288,19,48.33
20260515,2,paid_social,479,34,32.52
20260515,3,display,921,9,5.63
20260515,4,affiliate,248,17,28.38
20260515,5,email,141,9,0.0
20260515,6,organic_search,304,20,0.0
20260515,7,direct,279,19,0.0
20260516,1,paid_search,457,28,76.63
20260516,2,paid_social,376,28,25.48
20260516,3,display,1502,14,9.18
20260516,4,affiliate,222,18,25.35
20260516,5,email,133,10,0.0
20260516,6,organic_search,460,32,0.0
20260516,7,direct,320,24,0.0
20260517,1,paid_search,297,20,49.81
20260517,2,paid_social,515,38,34.92
20260517,3,display,714,8,4.37
20260517,4,affiliate,261,16,29.8
20260517,5,email,183,14,0.0
20260517,6,organic_search,374,26,0.0
20260517,7,direct,299,20,0.0
20260518,1,paid_search,445,32,74.77
20260518,2,paid_social,422,31,28.61
20260518,3,display,1830,18,11.19
20260518,4,affiliate,235,16,26.89
20260518,5,email,120,8,0.0
20260518,6,organic_search,226,16,0.0
20260518,7,direct,275,18,0.0
20260519,1,paid_search,297,25,49.81
20260519,2,paid_social,476,36,32.32
20260519,3,display,1449,18,8.85
20260519,4,affiliate,211,17,24.11
20260519,5,email,106,8,0.0
20260519,6,organic_search,411,29,0.0
20260519,7,direct,411,26,0.0
20260520,1,paid_search,555,39,93.14
20260520,2,paid_social,392,30,26.61
20260520,3,display,1483,18,9.06
20260520,4,affiliate,134,13,15.37
20260520,5,email,156,11,0.0
20260520,6,organic_search,257,18,0.0
20260520,7,direct,367,27,0.0
20260521,1,paid_search,357,24,59.92
20260521,2,paid_social,446,28,30.3
20260521,3,display,1664,17,10.17
20260521,4,affiliate,227,14,26.0
20260521,5,email,156,12,0.0
20260521,6,organic_search,296,20,0.0
20260521,7,direct,338,23,0.0
20260522,1,paid_search,271,26,45.42
20260522,2,paid_social,344,29,23.36
20260522,3,display,731,8,4.47
20260522,4,affiliate,260,18,29.69
20260522,5,email,27,2,0.0
20260522,6,organic_search,361,27,0.0
20260522,7,direct,249,19,0.0
20260523,1,paid_search,454,27,76.25
20260523,2,paid_social,275,22,18.66
20260523,3,display,1031,11,6.3
20260523,4,affiliate,213,15,24.4
20260523,5,email,239,16,0.0
20260523,6,organic_search,305,24,0.0
20260523,7,direct,152,12,0.0
20260524,1,paid_search,410,29,68.77
20260524,2,paid_social,490,37,33.24
20260524,3,display,979,11,5.98
20260524,4,affiliate,325,20,37.18
20260524,5,email,248,18,0.0
20260524,6,organic_search,229,18,0.0
20260524,7,direct,289,23,0.0
20260525,1,paid_search,265,23,44.49
20260525,2,paid_social,447,33,30.33
20260525,3,display,1040,11,6.36
20260525,4,affiliate,87,6,9.98
20260525,5,email,258,19,0.0
20260525,6,organic_search,528,34,0.0
20260525,7,direct,351,27,0.0
20260526,1,paid_search,397,26,66.65
20260526,2,paid_social,384,27,26.07
20260526,3,display,1421,15,8.68
20260526,4,affiliate,230,15,26.26
20260526,5,email,232,18,0.0
20260526,6,organic_search,377,22,0.0
20260526,7,direct,265,18,0.0
20260527,1,paid_search,226,17,37.87
20260527,2,paid_social,449,30,30.47
20260527,3,display,690,9,4.22
20260527,4,affiliate,222,16,25.37
20260527,5,email,225,14,0.0
20260527,6,organic_search,431,30,0.0
20260527,7,direct,323,22,0.0
20260528,1,paid_search,248,16,41.64
20260528,2,paid_social,375,29,25.44
20260528,3,display,1655,17,10.11
20260528,4,affiliate,197,14,22.52
20260528,5,email,85,6,0.0
20260528,6,organic_search,277,22,0.0
20260528,7,direct,313,21,0.0
20260529,1,paid_search,321,20,53.95
20260529,2,paid_social,325,24,22.02
20260529,3,display,859,10,5.25
20260529,4,affiliate,242,18,27.66
20260529,5,email,116,9,0.0
20260529,6,organic_search,292,22,0.0
20260529,7,direct,270,22,0.0
20260530,1,paid_search,332,27,55.76
20260530,2,paid_social,345,28,23.44
20260530,3,display,582,7,3.56
20260530,4,affiliate,238,19,27.24
20260530,5,email,67,5,0.0
20260530,6,organic_search,373,28,0.0
20260530,7,direct,407,28,0.0
20260531,1,paid_search,268,19,44.91
20260531,2,paid_social,505,32,34.29
20260531,3,display,1203,12,7.35
20260531,4,affiliate,286,18,32.65
20260531,5,email,202,14,0.0
20260531,6,organic_search,326,23,0.0
20260531,7,direct,210,15,0.0
20260601,1,paid_search,300,23,50.29
20260601,2,paid_social,437,34,29.65
20260601,3,display,625,7,3.82
20260601,4,affiliate,186,13,21.26
20260601,5,email,176,14,0.0
20260601,6,organic_search,195,14,0.0
20260601,7,direct,228,17,0.0
20260602,1,paid_search,208,18,34.88
20260602,2,paid_social,190,15,12.86
20260602,3,display,798,9,4.88
20260602,4,affiliate,192,15,21.95
20260602,5,email,164,11,0.0
20260602,6,organic_search,224,17,0.0
20260602,7,direct,357,23,0.0
20260603,1,paid_search,281,18,47.09
20260603,2,paid_social,536,45,36.34
20260603,3,display,1329,14,8.12
20260603,4,affiliate,115,9,13.12
20260603,5,email,111,8,0.0
20260603,6,organic_search,342,24,0.0
20260603,7,direct,167,14,0.0
20260604,1,paid_search,313,23,52.47
20260604,2,paid_social,434,32,29.44
20260604,3,display,1091,10,6.66
20260604,4,affiliate,233,17,26.64
20260604,5,email,105,8,0.0
20260604,6,organic_search,309,23,0.0
20260604,7,direct,252,20,0.0
20260605,1,paid_search,389,24,65.26
20260605,2,paid_social,480,32,32.54
20260605,3,display,661,8,4.04
20260605,4,affiliate,344,23,39.37
20260605,5,email,147,11,0.0
20260605,6,organic_search,338,23,0.0
20260605,7,direct,253,16,0.0
20260606,1,paid_search,356,23,59.75
20260606,2,paid_social,278,21,18.84
20260606,3,display,908,11,5.55
20260606,4,affiliate,184,15,21.08
20260606,5,email,110,9,0.0
20260606,6,organic_search,292,20,0.0
20260606,7,direct,226,16,0.0
20260607,1,paid_search,320,24,53.68
20260607,2,paid_social,509,33,34.51
20260607,3,display,1294,14,7.91
20260607,4,affiliate,238,16,27.16
20260607,5,email,122,9,0.0
20260607,6,organic_search,290,22,0.0
20260607,7,direct,525,35,0.0
20260608,1,paid_search,447,32,75.03
20260608,2,paid_social,432,29,29.28
20260608,3,display,716,7,4.38
20260608,4,affiliate,293,20,33.53
20260608,5,email,128,9,0.0
20260608,6,organic_search,303,21,0.0
20260608,7,direct,182,13,0.0
20260609,1,paid_search,326,24,54.69
20260609,2,paid_social,329,23,22.34
20260609,3,display,922,10,5.64
20260609,4,affiliate,272,19,31.03
20260609,5,email,111,9,0.0
20260609,6,organic_search,299,24,0.0
20260609,7,direct,292,20,0.0
20260610,1,paid_search,365,26,61.23
20260610,2,paid_social,402,31,27.25
20260610,3,display,727,9,4.44
20260610,4,affiliate,145,12,16.61
20260610,5,email,142,9,0.0
20260610,6,organic_search,250,19,0.0
20260610,7,direct,238,18,0.0
20260611,1,paid_search,365,25,61.32
20260611,2,paid_social,451,31,30.62
20260611,3,display,770,8,4.7
20260611,4,affiliate,282,20,32.22
20260611,5,email,178,12,0.0
20260611,6,organic_search,259,18,0.0
20260611,7,direct,211,15,0.0
20260612,1,paid_search,340,24,57.09
20260612,2,paid_social,451,36,30.6
20260612,3,display,1279,14,7.82
20260612,4,affiliate,252,17,28.82
20260612,5,email,92,6,0.0
20260612,6,organic_search,303,19,0.0
20260612,7,direct,295,22,0.0
20260613,1,paid_search,334,23,56.02
20260613,2,paid_social,459,32,31.11
20260613,3,display,1536,15,9.39
20260613,4,affiliate,209,15,23.85
20260613,5,email,131,9,0.0
20260613,6,organic_search,258,18,0.0
20260613,7,direct,304,20,0.0
20260614,1,paid_search,236,18,39.61
20260614,2,paid_social,393,29,26.65
20260614,3,display,1145,13,6.99
20260614,4,affiliate,146,11,16.74
20260614,5,email,253,18,0.0
20260614,6,organic_search,234,17,0.0
20260614,7,direct,153,11,0.0
20260615,1,paid_search,368,26,61.78
20260615,2,paid_social,299,23,20.31
20260615,3,display,718,8,4.39
20260615,4,affiliate,181,13,20.66
20260615,5,email,138,9,0.0
20260615,6,organic_search,351,26,0.0
20260615,7,direct,205,16,0.0
20260616,1,paid_search,200,17,33.53
20260616,2,paid_social,288,18,19.55
20260616,3,display,396,4,2.42
20260616,4,affiliate,129,9,14.7
20260616,5,email,167,12,0.0
20260616,6,organic_search,188,15,0.0
20260616,7,direct,204,14,0.0
20260617,1,paid_search,181,14,30.4
20260617,2,paid_social,472,30,32.02
20260617,3,display,1113,15,6.8
20260617,4,affiliate,222,15,25.33
20260617,5,email,151,11,0.0
20260617,6,organic_search,202,14,0.0
20260617,7,direct,236,16,0.0
20260618,1,paid_search,112,10,18.83
20260618,2,paid_social,255,21,17.31
20260618,3,display,856,11,5.23
20260618,4,affiliate,114,8,13.01
20260618,5,email,115,8,0.0
20260618,6,organic_search,264,19,0.0
20260618,7,direct,233,17,0.0
20260619,1,paid_search,214,15,35.92
20260619,2,paid_social,346,21,23.47
20260619,3,display,480,5,2.93
20260619,4,affiliate,140,11,16.04
20260619,5,email,103,7,0.0
20260619,6,organic_search,194,14,0.0
20260619,7,direct,222,17,0.0
20260620,1,paid_search,182,13,30.5
20260620,2,paid_social,172,12,11.68
20260620,3,display,352,4,2.15
20260620,4,affiliate,84,7,9.63
20260620,5,email,110,9,0.0
20260620,6,organic_search,245,18,0.0
20260620,7,direct,114,9,0.0
20260621,1,paid_search,213,14,35.73
20260621,2,paid_social,281,20,19.06
20260621,3,display,639,7,3.91
20260621,4,affiliate,125,9,14.26
20260621,5,email,137,10,0.0
20260621,6,organic_search,261,18,0.0
20260621,7,direct,135,9,0.0
20260622,1,paid_search,240,18,40.23
20260622,2,paid_social,196,14,13.31
20260622,3,display,166,2,1.01
20260622,4,affiliate,108,10,12.29
20260622,5,email,43,3,0.0
20260622,6,organic_search,137,10,0.0
20260622,7,direct,167,12,0.0
20260623,1,paid_search,108,9,18.17
20260623,2,paid_social,303,21,20.56
20260623,3,display,163,2,0.99
20260623,4,affiliate,123,9,14.02
20260623,5,email,52,4,0.0
20260623,6,organic_search,102,7,0.0
20260623,7,direct,106,7,0.0
20260624,1,paid_search,125,9,20.92
20260624,2,paid_social,125,8,8.46
20260624,3,display,287,3,1.75
20260624,4,affiliate,90,6,10.31
20260624,5,email,83,5,0.0
20260624,6,organic_search,95,7,0.0
20260624,7,direct,194,14,0.0
20260625,1,paid_search,157,11,26.4
20260625,2,paid_social,123,9,8.32
20260625,3,display,353,4,2.16
20260625,4,affiliate,117,7,13.42
20260625,5,email,48,4,0.0
20260625,6,organic_search,95,7,0.0
20260625,7,direct,183,11,0.0
20260626,1,paid_search,109,8,18.35
20260626,2,paid_social,120,8,8.12
20260626,3,display,95,1,0.58
20260626,4,affiliate,50,4,5.68
20260626,5,email,44,3,0.0
20260626,6,organic_search,70,5,0.0
20260626,7,direct,53,4,0.0
20260627,1,paid_search,79,6,13.27
20260627,2,paid_social,94,6,6.36
20260627,3,display,95,1,0.58
20260627,4,affiliate,41,3,4.66
20260627,5,email,114,7,0.0
20260627,6,organic_search,86,7,0.0
20260627,7,direct,133,8,0.0
20260628,1,paid_search,27,2,4.53
20260628,2,paid_social,81,6,5.49
20260628,3,display,517,6,3.16
20260628,4,affiliate,26,2,2.99
20260628,5,email,40,3,0.0
20260628,6,organic_search,75,5,0.0
20260628,7,direct,82,6,0.0
20260629,1,paid_search,95,7,15.95
20260629,2,paid_social,46,4,3.09
20260629,3,display,103,1,0.63
20260629,4,affiliate,40,3,4.63
20260629,5,email,78,5,0.0
20260629,6,organic_search,37,3,0.0
20260629,7,direct,50,4,0.0
20260630,1,paid_search,54,4,9.08
20260630,2,paid_social,81,5,5.46
20260630,3,display,87,1,0.53
20260630,4,affiliate,31,2,3.49
20260630,5,email,37,3,0.0
20260630,6,organic_search,51,4,0.0
20260630,7,direct,57,4,0.0
20260701,1,paid_search,96,8,16.2
20260701,2,paid_social,38,3,2.57
20260701,4,affiliate,26,2,2.96
20260701,5,email,15,1,0.0
20260701,6,organic_search,41,3,0.0
20260701,7,direct,28,2,0.0
20260702,1,paid_search,58,4,9.66
20260702,2,paid_social,36,3,2.43
20260702,3,display,87,1,0.53
20260702,4,affiliate,36,3,4.09
20260702,5,email,25,2,0.0
20260702,6,organic_search,57,4,0.0
20260703,1,paid_search,28,2,4.73
20260703,2,paid_social,26,2,1.79
20260703,3,display,88,1,0.54
20260703,4,affiliate,32,2,3.68
20260703,5,email,27,2,0.0
20260703,6,organic_search,15,1,0.0
20260703,7,direct,93,6,0.0
20260704,1,paid_search,112,9,18.73
20260704,2,paid_social,14,1,0.92
20260704,4,affiliate,29,2,3.35
20260704,6,organic_search,47,3,0.0
20260704,7,direct,14,1,0.0
20260705,2,paid_social,57,4,3.89
20260705,3,display,93,1,0.57
20260705,4,affiliate,43,3,4.92
20260705,5,email,29,2,0.0
20260705,6,organic_search,29,2,0.0
20260705,7,direct,41,3,0.0
20260706,2,paid_social,15,1,1.03
20260706,4,affiliate,29,2,3.26
20260706,6,organic_search,44,3,0.0
20260706,7,direct,16,1,0.0
20260707,1,paid_search,26,2,4.38
20260707,4,affiliate,16,1,1.79
20260708,2,paid_social,14,1,0.96
20260708,4,affiliate,12,1,1.38
20260708,5,email,15,1,0.0
20260708,6,organic_search,21,2,0.0
20260708,7,direct,51,4,0.0
20260709,1,paid_search,47,4,7.97
20260709,4,affiliate,15,1,1.76
20260709,5,email,12,1,0.0
20260709,6,organic_search,13,1,0.0
20260710,2,paid_social,13,1,0.87
20260710,5,email,13,1,0.0
20260710,7,direct,47,4,0.0
20260711,7,direct,14,1,0.0
20260712,1,paid_search,13,1,2.17
20260712,3,display,91,1,0.56
20260712,5,email,16,1,0.0
20260712,6,organic_search,15,1,0.0
20260712,7,direct,16,1,0.0
20260713,4,affiliate,30,2,3.39
20260714,4,affiliate,15,1,1.66
20260714,7,direct,14,1,0.0
20260715,1,paid_search,14,1,2.39
20260715,7,direct,29,2,0.0
20260718,1,paid_search,24,2,4.1
20260720,6,organic_search,14,1,0.0
20260721,1,paid_search,31,2,5.25
