subscription_id,account_id,segment,start_date,start_month,initial_arr
SUB-LEGACY-0001,-1,Mid-Market,2023-05-01,2023-05-01,37300.0
SUB-LEGACY-0002,-2,Mid-Market,2023-04-01,2023-04-01,37400.0
SUB-LEGACY-0003,-3,SMB,2022-02-01,2022-02-01,7900.0
SUB-LEGACY-0004,-4,SMB,2023-06-01,2023-06-01,13000.0
SUB-LEGACY-0005,-5,Enterprise,2022-08-01,2022-08-01,184400.0
SUB-LEGACY-0006,-6,SMB,2023-07-01,2023-07-01,13600.0
SUB-LEGACY-0007,-7,SMB,2022-08-01,2022-08-01,11500.0
SUB-LEGACY-0008,-8,SMB,2023-03-01,2023-03-01,18600.0
SUB-LEGACY-0009,-9,SMB,2022-07-01,2022-07-01,7900.0
SUB-LEGACY-0010,-10,SMB,2022-12-01,2022-12-01,11400.0
SUB-LEGACY-0011,-11,Enterprise,2021-09-01,2021-09-01,258600.0
SUB-LEGACY-0012,-12,SMB,2022-05-01,2022-05-01,24500.0
SUB-LEGACY-0013,-13,SMB,2022-03-01,2022-03-01,17000.0
SUB-LEGACY-0014,-14,Mid-Market,2021-08-01,2021-08-01,75900.0
SUB-LEGACY-0015,-15,Enterprise,2022-08-01,2022-08-01,240200.0
SUB-LEGACY-0016,-16,Mid-Market,2021-12-01,2021-12-01,61400.0
SUB-LEGACY-0017,-17,Enterprise,2023-02-01,2023-02-01,194600.0
SUB-LEGACY-0018,-18,Mid-Market,2023-06-01,2023-06-01,47200.0
SUB-LEGACY-0019,-19,SMB,2022-09-01,2022-09-01,13800.0
SUB-LEGACY-0020,-20,SMB,2022-07-01,2022-07-01,6300.0
SUB-LEGACY-0021,-21,Mid-Market,2022-08-01,2022-08-01,23700.0
SUB-LEGACY-0022,-22,Enterprise,2021-07-01,2021-07-01,268000.0
SUB-LEGACY-0023,-23,SMB,2023-04-01,2023-04-01,7900.0
SUB-LEGACY-0024,-24,SMB,2023-01-01,2023-01-01,12100.0
SUB-LEGACY-0025,-25,SMB,2023-05-01,2023-05-01,11200.0
SUB-LEGACY-0026,-26,SMB,2023-02-01,2023-02-01,3500.0
SUB-LEGACY-0027,-27,SMB,2022-05-01,2022-05-01,8900.0
SUB-LEGACY-0028,-28,Mid-Market,2022-11-01,2022-11-01,18300.0
SUB-LEGACY-0029,-29,SMB,2023-02-01,2023-02-01,5000.0
SUB-LEGACY-0030,-30,SMB,2022-09-01,2022-09-01,23800.0
SUB-LEGACY-0031,-31,Mid-Market,2023-05-01,2023-05-01,121700.0
SUB-LEGACY-0032,-32,SMB,2022-08-01,2022-08-01,8900.0
SUB-LEGACY-0033,-33,SMB,2023-04-01,2023-04-01,4100.0
SUB-LEGACY-0034,-34,Mid-Market,2021-10-01,2021-10-01,83500.0
SUB-LEGACY-0035,-35,SMB,2022-05-01,2022-05-01,10400.0
SUB-LEGACY-0036,-36,SMB,2021-10-01,2021-10-01,9400.0
SUB-LEGACY-0037,-37,SMB,2023-02-01,2023-02-01,4800.0
SUB-LEGACY-0038,-38,SMB,2022-06-01,2022-06-01,6300.0
SUB-LEGACY-0039,-39,SMB,2022-12-01,2022-12-01,10300.0
SUB-LEGACY-0040,-40,SMB,2022-08-01,2022-08-01,17100.0
SUB-LEGACY-0041,-41,SMB,2022-04-01,2022-04-01,16900.0
SUB-LEGACY-0042,-42,Enterprise,2023-01-01,2023-01-01,138900.0
SUB-LEGACY-0043,-43,Enterprise,2021-10-01,2021-10-01,117700.0
SUB-LEGACY-0044,-44,SMB,2023-02-01,2023-02-01,6500.0
SUB-LEGACY-0045,-45,Mid-Market,2023-06-01,2023-06-01,30600.0
SUB-LEGACY-0046,-46,Mid-Market,2023-07-01,2023-07-01,23800.0
SUB-LEGACY-0047,-47,Mid-Market,2022-12-01,2022-12-01,44500.0
SUB-LEGACY-0048,-48,SMB,2023-07-01,2023-07-01,9900.0
SUB-LEGACY-0049,-49,SMB,2022-03-01,2022-03-01,13700.0
SUB-LEGACY-0050,-50,SMB,2023-02-01,2023-02-01,6700.0
SUB-LEGACY-0051,-51,SMB,2023-04-01,2023-04-01,10900.0
SUB-LEGACY-0052,-52,SMB,2022-10-01,2022-10-01,14000.0
SUB-LEGACY-0053,-53,SMB,2023-03-01,2023-03-01,11700.0
SUB-LEGACY-0054,-54,SMB,2022-09-01,2022-09-01,10700.0
SUB-LEGACY-0055,-55,Mid-Market,2022-12-01,2022-12-01,42200.0
SUB-LEGACY-0056,-56,Mid-Market,2021-10-01,2021-10-01,60200.0
SUB-LEGACY-0057,-57,Mid-Market,2022-05-01,2022-05-01,24700.0
SUB-LEGACY-0058,-58,Mid-Market,2023-06-01,2023-06-01,49900.0
SUB-LEGACY-0059,-59,SMB,2023-06-01,2023-06-01,8600.0
SUB-LEGACY-0060,-60,Mid-Market,2023-01-01,2023-01-01,61100.0
SUB-LEGACY-0061,-61,SMB,2022-11-01,2022-11-01,12500.0
SUB-LEGACY-0062,-62,SMB,2021-09-01,2021-09-01,10900.0
SUB-LEGACY-0063,-63,Mid-Market,2022-02-01,2022-02-01,49400.0
SUB-LEGACY-0064,-64,SMB,2022-08-01,2022-08-01,14900.0
SUB-LEGACY-0065,-65,Enterprise,2023-07-01,2023-07-01,152000.0
SUB-LEGACY-0066,-66,SMB,2022-05-01,2022-05-01,19900.0
SUB-LEGACY-0067,-67,SMB,2022-10-01,2022-10-01,11800.0
SUB-LEGACY-0068,-68,SMB,2022-11-01,2022-11-01,9000.0
SUB-LEGACY-0069,-69,Mid-Market,2022-10-01,2022-10-01,41300.0
SUB-LEGACY-0070,-70,SMB,2021-07-01,2021-07-01,24600.0
SUB-LEGACY-0071,-71,SMB,2022-05-01,2022-05-01,9100.0
SUB-LEGACY-0072,-72,SMB,2023-06-01,2023-06-01,8600.0
SUB-LEGACY-0073,-73,Enterprise,2023-03-01,2023-03-01,231500.0
SUB-LEGACY-0074,-74,Enterprise,2023-02-01,2023-02-01,164500.0
SUB-LEGACY-0075,-75,SMB,2021-11-01,2021-11-01,9000.0
SUB-LEGACY-0076,-76,Mid-Market,2022-02-01,2022-02-01,26600.0
SUB-LEGACY-0077,-77,SMB,2022-04-01,2022-04-01,9300.0
SUB-LEGACY-0078,-78,Mid-Market,2022-02-01,2022-02-01,37500.0
SUB-LEGACY-0079,-79,SMB,2022-06-01,2022-06-01,16100.0
SUB-LEGACY-0080,-80,Mid-Market,2022-10-01,2022-10-01,20600.0
SUB-LEGACY-0081,-81,Mid-Market,2022-06-01,2022-06-01,26300.0
SUB-LEGACY-0082,-82,Mid-Market,2022-04-01,2022-04-01,79600.0
SUB-LEGACY-0083,-83,Mid-Market,2022-12-01,2022-12-01,12500.0
SUB-LEGACY-0084,-84,SMB,2021-07-01,2021-07-01,9100.0
SUB-LEGACY-0085,-85,Mid-Market,2022-10-01,2022-10-01,28800.0
SUB-LEGACY-0086,-86,SMB,2023-07-01,2023-07-01,10700.0
SUB-LEGACY-0087,-87,SMB,2022-08-01,2022-08-01,7800.0
SUB-LEGACY-0088,-88,SMB,2023-04-01,2023-04-01,17300.0
SUB-LEGACY-0089,-89,Mid-Market,2023-03-01,2023-03-01,29800.0
SUB-LEGACY-0090,-90,SMB,2022-05-01,2022-05-01,10400.0
SUB-LEGACY-0091,-91,SMB,2022-03-01,2022-03-01,12200.0
SUB-LEGACY-0092,-92,Mid-Market,2021-07-01,2021-07-01,29100.0
SUB-LEGACY-0093,-93,SMB,2021-09-01,2021-09-01,15000.0
SUB-LEGACY-0094,-94,SMB,2022-09-01,2022-09-01,18100.0
SUB-LEGACY-0095,-95,Mid-Market,2022-10-01,2022-10-01,41400.0
SUB-LEGACY-0096,-96,SMB,2023-02-01,2023-02-01,23500.0
SUB-LEGACY-0097,-97,Mid-Market,2021-10-01,2021-10-01,95900.0
SUB-LEGACY-0098,-98,Mid-Market,2021-08-01,2021-08-01,21000.0
SUB-LEGACY-0099,-99,Mid-Market,2023-04-01,2023-04-01,48800.0
SUB-LEGACY-0100,-100,SMB,2023-01-01,2023-01-01,13700.0
SUB-LEGACY-0101,-101,SMB,2021-09-01,2021-09-01,13900.0
SUB-LEGACY-0102,-102,SMB,2022-07-01,2022-07-01,14700.0
SUB-LEGACY-0103,-103,SMB,2022-03-01,2022-03-01,16700.0
SUB-LEGACY-0104,-104,Mid-Market,2023-02-01,2023-02-01,48500.0
SUB-LEGACY-0105,-105,Enterprise,2023-05-01,2023-05-01,109400.0
SUB-LEGACY-0106,-106,SMB,2021-09-01,2021-09-01,16200.0
SUB-LEGACY-0107,-107,Mid-Market,2021-10-01,2021-10-01,20200.0
SUB-LEGACY-0108,-108,Mid-Market,2022-02-01,2022-02-01,52500.0
SUB-LEGACY-0109,-109,SMB,2021-09-01,2021-09-01,11500.0
SUB-LEGACY-0110,-110,Mid-Market,2022-07-01,2022-07-01,39200.0
SUB-LEGACY-0111,-111,SMB,2022-08-01,2022-08-01,15200.0
SUB-LEGACY-0112,-112,SMB,2023-02-01,2023-02-01,7500.0
SUB-LEGACY-0113,-113,Enterprise,2022-05-01,2022-05-01,159600.0
SUB-LEGACY-0114,-114,SMB,2021-09-01,2021-09-01,9700.0
SUB-LEGACY-0115,-115,SMB,2022-11-01,2022-11-01,6300.0
SUB-LEGACY-0116,-116,Mid-Market,2023-02-01,2023-02-01,48700.0
SUB-LEGACY-0117,-117,Mid-Market,2022-11-01,2022-11-01,63600.0
SUB-LEGACY-0118,-118,Enterprise,2022-10-01,2022-10-01,208400.0
SUB-LEGACY-0119,-119,SMB,2021-12-01,2021-12-01,7700.0
SUB-LEGACY-0120,-120,SMB,2022-05-01,2022-05-01,9000.0
SUB-LEGACY-0121,-121,Mid-Market,2023-05-01,2023-05-01,44800.0
SUB-LEGACY-0122,-122,SMB,2022-09-01,2022-09-01,22300.0
SUB-LEGACY-0123,-123,SMB,2021-09-01,2021-09-01,5100.0
SUB-LEGACY-0124,-124,SMB,2023-05-01,2023-05-01,14600.0
SUB-LEGACY-0125,-125,SMB,2022-09-01,2022-09-01,9500.0
SUB-LEGACY-0126,-126,SMB,2022-05-01,2022-05-01,15800.0
SUB-LEGACY-0127,-127,Mid-Market,2022-02-01,2022-02-01,53200.0
SUB-LEGACY-0128,-128,SMB,2022-06-01,2022-06-01,9100.0
SUB-LEGACY-0129,-129,SMB,2022-02-01,2022-02-01,7500.0
SUB-LEGACY-0130,-130,Enterprise,2021-09-01,2021-09-01,187800.0
SUB-LEGACY-0131,-131,Mid-Market,2022-11-01,2022-11-01,26000.0
SUB-LEGACY-0132,-132,SMB,2021-11-01,2021-11-01,15500.0
SUB-LEGACY-0133,-133,Enterprise,2022-07-01,2022-07-01,132500.0
SUB-LEGACY-0134,-134,SMB,2022-06-01,2022-06-01,10600.0
SUB-LEGACY-0135,-135,SMB,2022-10-01,2022-10-01,6200.0
SUB-LEGACY-0136,-136,Mid-Market,2023-04-01,2023-04-01,59600.0
SUB-LEGACY-0137,-137,Enterprise,2023-05-01,2023-05-01,110400.0
SUB-LEGACY-0138,-138,Mid-Market,2022-02-01,2022-02-01,43200.0
SUB-LEGACY-0139,-139,Mid-Market,2022-04-01,2022-04-01,143400.0
SUB-LEGACY-0140,-140,Mid-Market,2022-06-01,2022-06-01,39600.0
SUB-LEGACY-0141,-141,Mid-Market,2022-12-01,2022-12-01,39800.0
SUB-LEGACY-0142,-142,SMB,2022-09-01,2022-09-01,10300.0
SUB-LEGACY-0143,-143,Mid-Market,2023-05-01,2023-05-01,48500.0
SUB-LEGACY-0144,-144,Mid-Market,2022-10-01,2022-10-01,102300.0
SUB-LEGACY-0145,-145,SMB,2022-04-01,2022-04-01,10800.0
SUB-LEGACY-0146,-146,SMB,2023-02-01,2023-02-01,6600.0
SUB-LEGACY-0147,-147,SMB,2023-07-01,2023-07-01,10400.0
SUB-LEGACY-0148,-148,SMB,2022-09-01,2022-09-01,11800.0
SUB-LEGACY-0149,-149,SMB,2022-05-01,2022-05-01,24900.0
SUB-LEGACY-0150,-150,Mid-Market,2021-07-01,2021-07-01,54400.0
SUB-LEGACY-0151,-151,SMB,2022-10-01,2022-10-01,5400.0
SUB-LEGACY-0152,-152,Mid-Market,2023-05-01,2023-05-01,46500.0
SUB-LEGACY-0153,-153,SMB,2022-05-01,2022-05-01,14200.0
SUB-LEGACY-0154,-154,Enterprise,2021-08-01,2021-08-01,157700.0
SUB-LEGACY-0155,-155,SMB,2023-02-01,2023-02-01,9900.0
SUB-LEGACY-0156,-156,Enterprise,2023-04-01,2023-04-01,164800.0
SUB-LEGACY-0157,-157,Mid-Market,2021-09-01,2021-09-01,63200.0
SUB-LEGACY-0158,-158,Mid-Market,2023-04-01,2023-04-01,67100.0
SUB-LEGACY-0159,-159,SMB,2022-06-01,2022-06-01,9000.0
SUB-LEGACY-0160,-160,SMB,2022-08-01,2022-08-01,18000.0
SUB-LEGACY-0161,-161,SMB,2021-08-01,2021-08-01,9600.0
SUB-LEGACY-0162,-162,SMB,2022-10-01,2022-10-01,19900.0
SUB-LEGACY-0163,-163,SMB,2021-09-01,2021-09-01,17400.0
SUB-LEGACY-0164,-164,SMB,2023-02-01,2023-02-01,14400.0
SUB-LEGACY-0165,-165,SMB,2023-04-01,2023-04-01,7800.0
SUB-LEGACY-0166,-166,SMB,2022-03-01,2022-03-01,19700.0
SUB-LEGACY-0167,-167,Enterprise,2022-11-01,2022-11-01,220900.0
SUB-LEGACY-0168,-168,SMB,2022-04-01,2022-04-01,7200.0
SUB-LEGACY-0169,-169,SMB,2022-09-01,2022-09-01,7200.0
SUB-LEGACY-0170,-170,SMB,2023-06-01,2023-06-01,20400.0
SUB-LEGACY-0171,-171,SMB,2022-04-01,2022-04-01,11000.0
SUB-LEGACY-0172,-172,SMB,2022-04-01,2022-04-01,16600.0
SUB-LEGACY-0173,-173,SMB,2021-09-01,2021-09-01,14400.0
SUB-LEGACY-0174,-174,Mid-Market,2023-07-01,2023-07-01,40700.0
SUB-LEGACY-0175,-175,Mid-Market,2022-04-01,2022-04-01,35100.0
SUB-LEGACY-0176,-176,SMB,2022-07-01,2022-07-01,11600.0
SUB-LEGACY-0177,-177,SMB,2021-09-01,2021-09-01,14800.0
SUB-LEGACY-0178,-178,SMB,2023-04-01,2023-04-01,17200.0
SUB-LEGACY-0179,-179,Mid-Market,2022-10-01,2022-10-01,63400.0
SUB-LEGACY-0180,-180,Mid-Market,2021-08-01,2021-08-01,35600.0
SUB-LEGACY-0181,-181,SMB,2022-09-01,2022-09-01,25000.0
SUB-LEGACY-0182,-182,Mid-Market,2021-07-01,2021-07-01,37400.0
SUB-LEGACY-0183,-183,SMB,2021-11-01,2021-11-01,9000.0
SUB-LEGACY-0184,-184,SMB,2022-11-01,2022-11-01,8200.0
SUB-LEGACY-0185,-185,Mid-Market,2023-05-01,2023-05-01,45400.0
SUB-LEGACY-0186,-186,Mid-Market,2022-07-01,2022-07-01,35400.0
SUB-LEGACY-0187,-187,Mid-Market,2022-07-01,2022-07-01,43800.0
SUB-LEGACY-0188,-188,SMB,2022-02-01,2022-02-01,7800.0
SUB-LEGACY-0189,-189,Mid-Market,2022-05-01,2022-05-01,29100.0
SUB-LEGACY-0190,-190,SMB,2023-01-01,2023-01-01,9600.0
SUB-LEGACY-0191,-191,SMB,2023-03-01,2023-03-01,8300.0
SUB-LEGACY-0192,-192,Enterprise,2023-02-01,2023-02-01,140900.0
SUB-LEGACY-0193,-193,SMB,2021-12-01,2021-12-01,13200.0
SUB-LEGACY-0194,-194,SMB,2023-07-01,2023-07-01,11700.0
SUB-LEGACY-0195,-195,SMB,2022-05-01,2022-05-01,6700.0
SUB-LEGACY-0196,-196,Enterprise,2022-03-01,2022-03-01,201400.0
SUB-LEGACY-0197,-197,SMB,2021-12-01,2021-12-01,13600.0
SUB-LEGACY-0198,-198,Mid-Market,2022-06-01,2022-06-01,47100.0
SUB-LEGACY-0199,-199,SMB,2022-03-01,2022-03-01,7200.0
SUB-LEGACY-0200,-200,SMB,2022-06-01,2022-06-01,11000.0
SUB-LEGACY-0201,-201,SMB,2022-10-01,2022-10-01,17200.0
SUB-LEGACY-0202,-202,Mid-Market,2022-05-01,2022-05-01,29100.0
SUB-LEGACY-0203,-203,SMB,2023-02-01,2023-02-01,12400.0
SUB-LEGACY-0204,-204,Mid-Market,2022-12-01,2022-12-01,42300.0
SUB-LEGACY-0205,-205,Mid-Market,2022-01-01,2022-01-01,34700.0
SUB-LEGACY-0206,-206,Enterprise,2022-07-01,2022-07-01,261400.0
SUB-LEGACY-0207,-207,SMB,2021-09-01,2021-09-01,7600.0
SUB-LEGACY-0208,-208,Mid-Market,2021-12-01,2021-12-01,41900.0
SUB-LEGACY-0209,-209,Mid-Market,2022-01-01,2022-01-01,38100.0
SUB-LEGACY-0210,-210,SMB,2022-07-01,2022-07-01,5100.0
SUB-LEGACY-0211,-211,SMB,2022-09-01,2022-09-01,9700.0
SUB-LEGACY-0212,-212,Mid-Market,2022-01-01,2022-01-01,21000.0
SUB-LEGACY-0213,-213,Mid-Market,2021-11-01,2021-11-01,44700.0
SUB-LEGACY-0214,-214,Enterprise,2022-02-01,2022-02-01,102800.0
SUB-LEGACY-0215,-215,SMB,2022-11-01,2022-11-01,5600.0
SUB-LEGACY-0216,-216,SMB,2023-07-01,2023-07-01,11900.0
SUB-LEGACY-0217,-217,SMB,2023-03-01,2023-03-01,17700.0
SUB-LEGACY-0218,-218,SMB,2021-11-01,2021-11-01,6200.0
SUB-LEGACY-0219,-219,SMB,2023-01-01,2023-01-01,10200.0
SUB-LEGACY-0220,-220,Enterprise,2023-07-01,2023-07-01,132200.0
SUB-LEGACY-0221,-221,SMB,2022-03-01,2022-03-01,9700.0
SUB-LEGACY-0222,-222,Mid-Market,2023-06-01,2023-06-01,41500.0
SUB-LEGACY-0223,-223,SMB,2022-01-01,2022-01-01,9300.0
SUB-LEGACY-0224,-224,SMB,2023-04-01,2023-04-01,24400.0
SUB-LEGACY-0225,-225,SMB,2023-04-01,2023-04-01,8200.0
SUB-LEGACY-0226,-226,SMB,2021-09-01,2021-09-01,6900.0
SUB-LEGACY-0227,-227,SMB,2022-09-01,2022-09-01,4400.0
SUB-LEGACY-0228,-228,SMB,2023-05-01,2023-05-01,15900.0
SUB-LEGACY-0229,-229,SMB,2022-01-01,2022-01-01,9700.0
SUB-LEGACY-0230,-230,Mid-Market,2021-07-01,2021-07-01,14500.0
SUB-LEGACY-0231,-231,SMB,2023-02-01,2023-02-01,9800.0
SUB-LEGACY-0232,-232,SMB,2022-09-01,2022-09-01,24500.0
SUB-LEGACY-0233,-233,Mid-Market,2022-08-01,2022-08-01,26500.0
SUB-LEGACY-0234,-234,Mid-Market,2023-01-01,2023-01-01,55400.0
SUB-LEGACY-0235,-235,Enterprise,2022-05-01,2022-05-01,189300.0
SUB-LEGACY-0236,-236,SMB,2022-05-01,2022-05-01,5900.0
SUB-LEGACY-0237,-237,SMB,2021-09-01,2021-09-01,18900.0
SUB-LEGACY-0238,-238,SMB,2021-12-01,2021-12-01,61400.0
SUB-LEGACY-0239,-239,Mid-Market,2022-11-01,2022-11-01,54600.0
SUB-LEGACY-0240,-240,Mid-Market,2023-07-01,2023-07-01,51000.0
SUB-LEGACY-0241,-241,SMB,2023-05-01,2023-05-01,12700.0
SUB-LEGACY-0242,-242,SMB,2022-09-01,2022-09-01,5700.0
SUB-LEGACY-0243,-243,Mid-Market,2022-07-01,2022-07-01,34700.0
SUB-LEGACY-0244,-244,SMB,2022-11-01,2022-11-01,17500.0
SUB-LEGACY-0245,-245,SMB,2022-06-01,2022-06-01,34500.0
SUB-LEGACY-0246,-246,Enterprise,2021-08-01,2021-08-01,215200.0
SUB-LEGACY-0247,-247,Mid-Market,2023-04-01,2023-04-01,43700.0
SUB-LEGACY-0248,-248,SMB,2022-05-01,2022-05-01,13300.0
SUB-LEGACY-0249,-249,SMB,2022-07-01,2022-07-01,10200.0
SUB-LEGACY-0250,-250,SMB,2022-10-01,2022-10-01,4900.0
SUB-LEGACY-0251,-251,Mid-Market,2021-08-01,2021-08-01,49600.0
SUB-LEGACY-0252,-252,SMB,2022-10-01,2022-10-01,15400.0
SUB-LEGACY-0253,-253,Mid-Market,2022-12-01,2022-12-01,35500.0
SUB-LEGACY-0254,-254,SMB,2022-05-01,2022-05-01,9900.0
SUB-LEGACY-0255,-255,Enterprise,2021-08-01,2021-08-01,220100.0
SUB-LEGACY-0256,-256,Mid-Market,2022-06-01,2022-06-01,64100.0
SUB-LEGACY-0257,-257,SMB,2023-03-01,2023-03-01,21200.0
SUB-LEGACY-0258,-258,Enterprise,2022-03-01,2022-03-01,279200.0
SUB-LEGACY-0259,-259,Mid-Market,2023-01-01,2023-01-01,57700.0
SUB-LEGACY-0260,-260,Mid-Market,2022-10-01,2022-10-01,36200.0
SUB-00004,3,SMB,2026-04-25,2026-04-01,8400.0
SUB-00009,6,Mid-Market,2026-04-27,2026-04-01,61100.0
SUB-00037,17,SMB,2026-05-29,2026-05-01,7500.0
SUB-00044,20,SMB,2025-11-15,2025-11-01,5200.0
SUB-00050,22,SMB,2026-06-02,2026-06-01,20100.0
SUB-00054,23,SMB,2026-05-24,2026-05-01,9500.0
SUB-00056,24,SMB,2025-11-08,2025-11-01,10800.0
SUB-00061,26,SMB,2025-01-08,2025-01-01,11200.0
SUB-00071,29,SMB,2025-11-02,2025-11-01,9900.0
SUB-00102,45,SMB,2025-07-31,2025-07-01,20300.0
SUB-00104,46,Mid-Market,2025-07-06,2025-07-01,17400.0
SUB-00118,52,Mid-Market,2026-06-09,2026-06-01,30200.0
SUB-00142,62,Mid-Market,2026-06-19,2026-06-01,53300.0
SUB-00143,63,SMB,2025-12-01,2025-12-01,13800.0
SUB-00147,65,Mid-Market,2025-06-20,2025-06-01,65700.0
SUB-00154,70,Mid-Market,2025-03-26,2025-03-01,40500.0
SUB-00156,72,SMB,2025-04-09,2025-04-01,11300.0
SUB-00161,74,Enterprise,2025-10-04,2025-10-01,172900.0
SUB-00164,76,SMB,2025-03-17,2025-03-01,10000.0
SUB-00190,88,SMB,2026-01-06,2026-01-01,14600.0
SUB-00195,89,Mid-Market,2025-05-30,2025-05-01,37800.0
SUB-00203,94,SMB,2025-10-10,2025-10-01,14400.0
SUB-00236,103,SMB,2025-01-22,2025-01-01,5700.0
SUB-00254,109,SMB,2026-06-09,2026-06-01,11800.0
SUB-00269,116,SMB,2025-06-27,2025-06-01,12900.0
SUB-00270,116,SMB,2026-04-02,2026-04-01,10900.0
SUB-00272,117,Enterprise,2025-10-03,2025-10-01,324500.0
SUB-00274,119,SMB,2026-04-21,2026-04-01,18100.0
SUB-00290,122,SMB,2025-01-13,2025-01-01,15900.0
SUB-00291,122,SMB,2025-09-23,2025-09-01,16900.0
SUB-00293,123,SMB,2025-07-23,2025-07-01,9500.0
SUB-00312,131,SMB,2025-12-24,2025-12-01,10300.0
SUB-00318,134,SMB,2025-09-27,2025-09-01,9300.0
SUB-00319,134,SMB,2026-05-10,2026-05-01,14000.0
SUB-00332,140,SMB,2025-05-16,2025-05-01,6600.0
SUB-00335,143,SMB,2026-02-16,2026-02-01,9500.0
SUB-00339,146,Mid-Market,2026-01-18,2026-01-01,43000.0
SUB-00345,150,Mid-Market,2025-10-25,2025-10-01,34200.0
SUB-00346,151,SMB,2025-08-08,2025-08-01,13700.0
SUB-00349,152,Mid-Market,2025-12-08,2025-12-01,34100.0
SUB-00358,157,SMB,2026-05-10,2026-05-01,21000.0
SUB-00364,158,SMB,2026-04-14,2026-04-01,6200.0
SUB-00366,159,SMB,2025-08-04,2025-08-01,6900.0
SUB-00367,159,SMB,2026-04-27,2026-04-01,9900.0
SUB-00381,166,SMB,2025-04-03,2025-04-01,8900.0
SUB-00383,167,SMB,2025-10-09,2025-10-01,7900.0
SUB-00384,167,SMB,2026-06-06,2026-06-01,11200.0
SUB-00395,172,SMB,2025-02-09,2025-02-01,15200.0
SUB-00396,172,SMB,2025-11-25,2025-11-01,8400.0
SUB-00397,172,SMB,2026-06-04,2026-06-01,7500.0
SUB-00399,173,SMB,2026-02-24,2026-02-01,12000.0
SUB-00414,179,Mid-Market,2026-05-25,2026-05-01,29100.0
SUB-00417,180,SMB,2025-04-14,2025-04-01,9200.0
SUB-00420,182,Mid-Market,2025-06-19,2025-06-01,45700.0
SUB-00431,186,SMB,2026-02-07,2026-02-01,9600.0
SUB-00451,196,Mid-Market,2026-05-18,2026-05-01,50700.0
SUB-00466,203,Enterprise,2025-11-17,2025-11-01,111500.0
SUB-00472,208,Mid-Market,2025-08-07,2025-08-01,36300.0
SUB-00481,213,Mid-Market,2026-06-11,2026-06-01,39000.0
SUB-00492,217,Mid-Market,2025-02-07,2025-02-01,27400.0
SUB-00497,220,Mid-Market,2024-11-08,2024-11-01,33700.0
SUB-00498,221,Mid-Market,2026-03-18,2026-03-01,80500.0
SUB-00511,226,Mid-Market,2025-04-19,2025-04-01,50300.0
SUB-00518,229,SMB,2025-04-25,2025-04-01,13600.0
SUB-00519,229,SMB,2026-03-10,2026-03-01,7100.0
SUB-00521,230,Mid-Market,2026-06-13,2026-06-01,51700.0
SUB-00527,232,SMB,2025-03-03,2025-03-01,14400.0
SUB-00531,233,SMB,2026-06-20,2026-06-01,20900.0
SUB-00534,235,SMB,2024-12-18,2024-12-01,22200.0
SUB-00535,235,SMB,2025-09-12,2025-09-01,11800.0
SUB-00539,237,SMB,2025-11-19,2025-11-01,8700.0
SUB-00541,239,SMB,2025-12-18,2025-12-01,12900.0
SUB-00547,240,SMB,2026-03-24,2026-03-01,6200.0
SUB-00549,241,SMB,2026-02-25,2026-02-01,24600.0
SUB-00570,251,Mid-Market,2025-10-23,2025-10-01,48100.0
SUB-00590,265,SMB,2026-03-31,2026-03-01,14800.0
SUB-00592,267,SMB,2025-01-01,2025-01-01,10000.0
SUB-00593,267,SMB,2025-10-09,2025-10-01,9000.0
SUB-00597,268,SMB,2024-12-03,2024-12-01,10100.0
SUB-00608,271,SMB,2025-10-24,2025-10-01,13700.0
SUB-00623,279,Mid-Market,2025-04-18,2025-04-01,44100.0
SUB-00628,281,SMB,2026-03-19,2026-03-01,9700.0
SUB-00630,282,SMB,2026-06-17,2026-06-01,10200.0
SUB-00634,283,SMB,2024-10-18,2024-10-01,17600.0
SUB-00639,284,SMB,2026-02-25,2026-02-01,8900.0
SUB-00648,288,SMB,2026-04-20,2026-04-01,11200.0
SUB-00662,292,SMB,2025-07-03,2025-07-01,9700.0
SUB-00667,294,SMB,2026-03-15,2026-03-01,12400.0
SUB-00688,302,Mid-Market,2025-11-28,2025-11-01,26600.0
SUB-00695,305,SMB,2026-02-03,2026-02-01,23700.0
SUB-00701,307,SMB,2025-09-10,2025-09-01,9500.0
SUB-00702,307,SMB,2026-05-11,2026-05-01,7900.0
SUB-00726,314,Mid-Market,2026-04-23,2026-04-01,72300.0
SUB-00730,317,SMB,2026-04-16,2026-04-01,9700.0
SUB-00734,319,Mid-Market,2026-04-22,2026-04-01,52800.0
SUB-00743,323,Mid-Market,2025-08-31,2025-08-01,18300.0
SUB-00745,324,SMB,2025-12-04,2025-12-01,6900.0
SUB-00749,327,SMB,2025-12-21,2025-12-01,12700.0
SUB-00769,331,Mid-Market,2024-10-02,2024-10-01,65000.0
SUB-00772,333,SMB,2026-01-27,2026-01-01,6300.0
SUB-00775,334,SMB,2025-05-13,2025-05-01,15500.0
SUB-00776,334,SMB,2026-04-08,2026-04-01,10100.0
SUB-00779,335,Mid-Market,2025-06-19,2025-06-01,81900.0
SUB-00785,337,SMB,2024-11-25,2024-11-01,18400.0
SUB-00800,342,Mid-Market,2024-11-02,2024-11-01,23600.0
SUB-00804,344,SMB,2026-03-24,2026-03-01,11900.0
SUB-00812,348,SMB,2025-02-01,2025-02-01,8500.0
SUB-00814,349,Mid-Market,2025-10-01,2025-10-01,30500.0
SUB-00816,350,SMB,2025-08-12,2025-08-01,9300.0
SUB-00819,353,SMB,2026-07-01,2026-07-01,4400.0
SUB-00822,354,SMB,2026-04-13,2026-04-01,20200.0
SUB-00823,355,SMB,2025-09-25,2025-09-01,11600.0
SUB-00841,363,Mid-Market,2025-11-26,2025-11-01,23200.0
SUB-00858,370,SMB,2026-05-28,2026-05-01,5100.0
SUB-00859,371,SMB,2025-10-21,2025-10-01,11700.0
SUB-00864,372,SMB,2025-08-03,2025-08-01,14700.0
SUB-00880,377,SMB,2025-03-31,2025-03-01,3900.0
SUB-00881,377,SMB,2025-11-01,2025-11-01,14600.0
SUB-00885,378,SMB,2024-09-29,2024-09-01,8900.0
SUB-00887,378,SMB,2026-04-23,2026-04-01,5200.0
SUB-00888,379,SMB,2024-09-16,2024-09-01,7700.0
SUB-00889,379,SMB,2025-09-07,2025-09-01,12200.0
SUB-00896,382,SMB,2025-07-20,2025-07-01,17100.0
SUB-00899,384,Mid-Market,2026-05-25,2026-05-01,34400.0
SUB-00901,385,SMB,2025-09-16,2025-09-01,7500.0
SUB-00909,388,Mid-Market,2025-07-22,2025-07-01,62400.0
SUB-00912,389,SMB,2026-07-01,2026-07-01,6500.0
SUB-00915,390,Mid-Market,2026-05-31,2026-05-01,40900.0
SUB-00919,392,SMB,2025-06-01,2025-06-01,17900.0
SUB-00920,392,SMB,2026-05-04,2026-05-01,9300.0
SUB-00932,398,SMB,2025-10-15,2025-10-01,16800.0
SUB-00947,402,SMB,2025-04-11,2025-04-01,11500.0
SUB-00952,406,SMB,2026-04-27,2026-04-01,10300.0
SUB-00970,411,SMB,2025-04-15,2025-04-01,7400.0
SUB-00973,413,SMB,2026-04-03,2026-04-01,11100.0
SUB-00976,414,SMB,2026-05-16,2026-05-01,12000.0
SUB-00989,419,SMB,2025-02-10,2025-02-01,8100.0
SUB-01001,424,SMB,2025-04-06,2025-04-01,18100.0
SUB-01012,430,SMB,2025-12-02,2025-12-01,11300.0
SUB-01020,432,SMB,2026-03-11,2026-03-01,18800.0
SUB-01030,436,SMB,2026-03-18,2026-03-01,11200.0
SUB-01035,438,Mid-Market,2025-06-30,2025-06-01,69700.0
SUB-01069,452,SMB,2026-03-29,2026-03-01,16300.0
SUB-01075,456,SMB,2025-11-11,2025-11-01,11700.0
SUB-01078,457,SMB,2025-04-14,2025-04-01,13200.0
SUB-01080,458,SMB,2025-12-29,2025-12-01,6800.0
SUB-01085,459,SMB,2024-11-23,2024-11-01,21600.0
SUB-01086,459,SMB,2025-08-12,2025-08-01,12000.0
SUB-01088,460,Enterprise,2025-03-14,2025-03-01,109700.0
SUB-01089,461,SMB,2026-06-24,2026-06-01,10900.0
SUB-01093,463,SMB,2025-10-22,2025-10-01,15300.0
SUB-01098,465,Mid-Market,2026-03-21,2026-03-01,95000.0
SUB-01099,466,Enterprise,2025-03-20,2025-03-01,122600.0
SUB-01105,469,SMB,2026-06-24,2026-06-01,10600.0
SUB-01114,473,SMB,2026-04-07,2026-04-01,7700.0
SUB-01125,477,SMB,2025-10-07,2025-10-01,10200.0
SUB-01136,482,SMB,2025-05-29,2025-05-01,15000.0
SUB-01137,482,SMB,2026-03-03,2026-03-01,10600.0
SUB-01152,489,Mid-Market,2025-03-10,2025-03-01,16300.0
SUB-01168,498,SMB,2025-03-07,2025-03-01,13800.0
SUB-01179,501,Enterprise,2026-04-22,2026-04-01,110400.0
SUB-01186,504,SMB,2026-06-14,2026-06-01,20000.0
SUB-01195,507,Mid-Market,2025-12-04,2025-12-01,47500.0
SUB-01198,509,SMB,2026-05-27,2026-05-01,4100.0
SUB-01218,521,Mid-Market,2026-01-09,2026-01-01,20800.0
SUB-01223,523,SMB,2026-05-04,2026-05-01,10300.0
SUB-01229,526,SMB,2025-12-21,2025-12-01,19000.0
SUB-01232,527,Enterprise,2026-02-14,2026-02-01,185700.0
SUB-01238,529,SMB,2025-08-13,2025-08-01,15900.0
SUB-01241,531,SMB,2026-03-16,2026-03-01,19900.0
SUB-01247,535,SMB,2025-07-10,2025-07-01,8500.0
SUB-01248,535,SMB,2026-05-10,2026-05-01,12400.0
SUB-01259,542,Mid-Market,2026-06-19,2026-06-01,46800.0
SUB-01316,565,SMB,2026-02-18,2026-02-01,13700.0
SUB-01346,577,SMB,2026-02-27,2026-02-01,14000.0
SUB-01351,578,SMB,2026-04-05,2026-04-01,9000.0
SUB-01354,580,SMB,2024-12-08,2024-12-01,11600.0
SUB-01355,580,SMB,2025-08-26,2025-08-01,11900.0
SUB-01360,583,Enterprise,2026-03-18,2026-03-01,151800.0
SUB-01362,584,Mid-Market,2026-05-05,2026-05-01,24300.0
SUB-01363,585,Mid-Market,2026-01-01,2026-01-01,21500.0
SUB-01368,588,SMB,2025-03-19,2025-03-01,9800.0
SUB-01369,588,SMB,2026-02-18,2026-02-01,20100.0
SUB-01380,593,SMB,2024-09-22,2024-09-01,11400.0
SUB-01382,593,SMB,2026-03-19,2026-03-01,7500.0
SUB-01390,597,Mid-Market,2025-11-08,2025-11-01,23200.0
SUB-01395,599,SMB,2026-04-23,2026-04-01,11800.0
SUB-01421,614,SMB,2025-06-18,2025-06-01,9400.0
SUB-01435,621,SMB,2025-06-17,2025-06-01,7900.0
SUB-01440,623,Mid-Market,2025-01-07,2025-01-01,31300.0
SUB-01443,625,SMB,2026-03-25,2026-03-01,8400.0
SUB-01446,627,SMB,2025-08-24,2025-08-01,8800.0
SUB-01450,628,SMB,2025-10-03,2025-10-01,15500.0
SUB-01454,630,SMB,2026-02-08,2026-02-01,6700.0
SUB-01470,633,SMB,2025-09-10,2025-09-01,5000.0
SUB-01473,634,SMB,2025-09-16,2025-09-01,13100.0
SUB-01490,640,SMB,2026-01-27,2026-01-01,10800.0
SUB-01491,641,SMB,2026-02-06,2026-02-01,10400.0
SUB-01524,652,SMB,2026-05-04,2026-05-01,12700.0
SUB-01531,658,SMB,2026-05-06,2026-05-01,18600.0
SUB-01546,666,Mid-Market,2026-03-01,2026-03-01,46600.0
SUB-01547,667,Mid-Market,2026-02-02,2026-02-01,68000.0
SUB-01552,670,Mid-Market,2025-01-04,2025-01-01,22600.0
SUB-01558,673,SMB,2026-04-13,2026-04-01,5700.0
SUB-01562,675,Mid-Market,2026-05-02,2026-05-01,50600.0
SUB-01564,676,SMB,2026-06-09,2026-06-01,10900.0
SUB-01569,679,SMB,2025-09-30,2025-09-01,30300.0
SUB-01576,682,Mid-Market,2026-04-15,2026-04-01,94300.0
SUB-01588,687,Mid-Market,2025-10-02,2025-10-01,59800.0
SUB-01592,690,SMB,2025-06-13,2025-06-01,7400.0
SUB-01593,690,SMB,2026-04-29,2026-04-01,26300.0
SUB-01597,692,Mid-Market,2025-05-31,2025-05-01,15100.0
SUB-01600,693,Enterprise,2025-04-29,2025-04-01,157600.0
SUB-01606,695,SMB,2024-11-19,2024-11-01,14600.0
SUB-01622,701,SMB,2024-11-22,2024-11-01,8800.0
SUB-01628,702,SMB,2026-06-26,2026-06-01,6000.0
SUB-01641,709,SMB,2025-05-11,2025-05-01,11500.0
SUB-01646,713,SMB,2025-11-25,2025-11-01,7900.0
SUB-01649,714,SMB,2026-06-04,2026-06-01,36600.0
SUB-01650,715,SMB,2026-01-29,2026-01-01,21600.0
SUB-01657,716,SMB,2026-06-25,2026-06-01,52900.0
SUB-01667,721,SMB,2026-06-16,2026-06-01,11200.0
SUB-01669,722,SMB,2026-05-29,2026-05-01,7700.0
SUB-01676,725,Mid-Market,2026-04-11,2026-04-01,24400.0
SUB-01678,726,SMB,2026-06-29,2026-06-01,12700.0
SUB-01681,727,SMB,2025-11-13,2025-11-01,7400.0
SUB-01683,728,SMB,2025-04-25,2025-04-01,9700.0
SUB-01688,731,Mid-Market,2025-08-07,2025-08-01,41500.0
SUB-01692,733,SMB,2025-11-23,2025-11-01,18100.0
SUB-01693,734,Enterprise,2025-10-19,2025-10-01,269200.0
SUB-01704,739,SMB,2025-10-04,2025-10-01,8800.0
SUB-01709,740,SMB,2025-07-12,2025-07-01,7800.0
SUB-01716,742,Enterprise,2026-05-14,2026-05-01,136100.0
SUB-01726,746,Mid-Market,2025-02-13,2025-02-01,27900.0
SUB-01730,748,Mid-Market,2026-05-16,2026-05-01,35700.0
SUB-01743,753,Mid-Market,2025-05-16,2025-05-01,30200.0
SUB-01746,754,SMB,2026-05-25,2026-05-01,15500.0
SUB-01758,762,Mid-Market,2025-12-02,2025-12-01,35900.0
SUB-01772,770,Mid-Market,2025-11-18,2025-11-01,39300.0
SUB-01782,774,SMB,2025-03-04,2025-03-01,7900.0
SUB-01783,775,SMB,2026-01-13,2026-01-01,9800.0
SUB-01790,777,SMB,2025-06-14,2025-06-01,17500.0
SUB-01792,778,Mid-Market,2026-04-02,2026-04-01,35400.0
SUB-01807,785,SMB,2026-01-09,2026-01-01,9800.0
SUB-01817,789,SMB,2025-10-11,2025-10-01,6500.0
SUB-01818,790,SMB,2026-03-31,2026-03-01,8200.0
SUB-01823,792,Enterprise,2025-10-15,2025-10-01,289700.0
SUB-01825,794,SMB,2025-07-22,2025-07-01,9000.0
SUB-01831,798,Mid-Market,2026-05-07,2026-05-01,47200.0
SUB-01833,799,Mid-Market,2026-05-29,2026-05-01,48000.0
SUB-01836,801,SMB,2025-11-14,2025-11-01,16500.0
SUB-01841,802,Mid-Market,2026-02-25,2026-02-01,45900.0
SUB-01843,803,SMB,2026-01-15,2026-01-01,21200.0
SUB-01866,810,SMB,2025-12-01,2025-12-01,14700.0
SUB-01869,812,SMB,2026-03-19,2026-03-01,13500.0
SUB-01870,813,SMB,2025-11-14,2025-11-01,7600.0
SUB-01889,820,SMB,2026-05-02,2026-05-01,27600.0
SUB-01893,822,SMB,2025-05-20,2025-05-01,7200.0
SUB-01894,822,SMB,2026-01-22,2026-01-01,7100.0
SUB-01921,833,SMB,2026-03-29,2026-03-01,9500.0
SUB-01931,836,SMB,2025-12-07,2025-12-01,23400.0
SUB-01941,839,Mid-Market,2025-05-17,2025-05-01,62800.0
SUB-01943,840,Mid-Market,2025-04-06,2025-04-01,31300.0
SUB-01951,843,SMB,2025-12-20,2025-12-01,8100.0
SUB-01956,845,Mid-Market,2025-04-11,2025-04-01,30600.0
SUB-01961,847,SMB,2025-11-25,2025-11-01,7600.0
SUB-01973,853,Mid-Market,2025-10-02,2025-10-01,48800.0
SUB-01974,854,Mid-Market,2026-03-23,2026-03-01,70800.0
SUB-01989,861,SMB,2025-09-07,2025-09-01,12000.0
SUB-01995,864,Mid-Market,2025-04-08,2025-04-01,28700.0
SUB-01999,866,Mid-Market,2026-04-10,2026-04-01,52900.0
SUB-02006,869,Mid-Market,2024-11-25,2024-11-01,28900.0
SUB-02009,871,SMB,2024-08-30,2024-08-01,11600.0
SUB-02010,871,SMB,2025-07-22,2025-07-01,11600.0
SUB-02023,877,Mid-Market,2026-03-10,2026-03-01,102600.0
SUB-02038,883,SMB,2026-05-30,2026-05-01,16500.0
SUB-02062,892,Mid-Market,2025-11-02,2025-11-01,29600.0
SUB-02068,895,SMB,2026-03-30,2026-03-01,12200.0
SUB-02074,897,SMB,2026-05-30,2026-05-01,11400.0
SUB-02079,898,SMB,2025-08-12,2025-08-01,9300.0
SUB-02082,900,Mid-Market,2026-04-30,2026-04-01,66700.0
SUB-02091,905,SMB,2026-06-17,2026-06-01,11000.0
SUB-02106,911,SMB,2025-09-18,2025-09-01,10300.0
SUB-02109,913,SMB,2026-04-19,2026-04-01,6600.0
SUB-02111,914,SMB,2025-11-22,2025-11-01,17000.0
SUB-02119,915,Mid-Market,2026-04-14,2026-04-01,29800.0
SUB-02127,919,SMB,2026-06-29,2026-06-01,7700.0
SUB-02136,924,SMB,2024-11-23,2024-11-01,31600.0
SUB-02137,924,SMB,2025-07-04,2025-07-01,12700.0
SUB-02138,925,Mid-Market,2026-01-08,2026-01-01,30800.0
SUB-02145,930,SMB,2025-12-22,2025-12-01,13900.0
SUB-02147,931,SMB,2026-02-21,2026-02-01,18100.0
SUB-02153,932,SMB,2025-05-06,2025-05-01,6100.0
SUB-02157,935,Mid-Market,2025-02-12,2025-02-01,43300.0
SUB-02159,936,SMB,2025-08-28,2025-08-01,7100.0
SUB-02162,937,Mid-Market,2026-06-16,2026-06-01,60600.0
SUB-02164,938,Mid-Market,2026-02-16,2026-02-01,30500.0
SUB-02166,940,SMB,2026-03-19,2026-03-01,7500.0
SUB-02178,945,SMB,2026-05-29,2026-05-01,10900.0
SUB-02206,959,SMB,2026-03-26,2026-03-01,13000.0
SUB-02219,963,Mid-Market,2025-06-25,2025-06-01,20500.0
SUB-02222,965,Mid-Market,2025-07-25,2025-07-01,37500.0
SUB-02235,972,SMB,2026-06-18,2026-06-01,21100.0
SUB-02236,973,SMB,2026-06-24,2026-06-01,13800.0
SUB-02239,974,SMB,2026-03-19,2026-03-01,12700.0
SUB-02263,983,SMB,2025-12-19,2025-12-01,11900.0
SUB-02279,990,Mid-Market,2026-03-13,2026-03-01,64000.0
SUB-02281,991,SMB,2026-04-03,2026-04-01,21600.0
SUB-02284,993,SMB,2025-12-02,2025-12-01,5700.0
SUB-02300,998,SMB,2025-10-22,2025-10-01,4900.0
SUB-02302,1000,SMB,2026-03-08,2026-03-01,9100.0
SUB-02307,1002,Enterprise,2025-11-11,2025-11-01,375400.0
SUB-02308,1003,Mid-Market,2026-03-13,2026-03-01,44700.0
SUB-02335,1015,SMB,2026-03-13,2026-03-01,8500.0
SUB-02340,1017,SMB,2026-01-05,2026-01-01,10800.0
SUB-02342,1018,SMB,2025-06-03,2025-06-01,8100.0
SUB-02351,1023,Mid-Market,2026-04-05,2026-04-01,65700.0
SUB-02358,1026,SMB,2025-06-01,2025-06-01,7900.0
SUB-02363,1028,Mid-Market,2026-05-10,2026-05-01,45100.0
SUB-02373,1034,SMB,2026-06-03,2026-06-01,22400.0
SUB-02386,1041,SMB,2024-11-16,2024-11-01,6800.0
SUB-02390,1043,Enterprise,2026-05-24,2026-05-01,122800.0
SUB-02398,1048,SMB,2025-09-30,2025-09-01,11800.0
SUB-02403,1049,Mid-Market,2025-08-13,2025-08-01,44700.0
SUB-02404,1050,SMB,2025-06-09,2025-06-01,8900.0
SUB-02410,1052,SMB,2025-12-01,2025-12-01,13300.0
SUB-02415,1054,SMB,2026-03-09,2026-03-01,14800.0
SUB-02420,1058,SMB,2025-02-02,2025-02-01,20700.0
SUB-02439,1064,SMB,2025-06-21,2025-06-01,9000.0
SUB-02444,1066,Enterprise,2025-12-08,2025-12-01,148900.0
SUB-02449,1069,SMB,2025-09-07,2025-09-01,5600.0
SUB-02453,1070,Mid-Market,2024-11-25,2024-11-01,87000.0
SUB-02459,1073,SMB,2025-11-08,2025-11-01,7800.0
SUB-02467,1077,SMB,2024-11-11,2024-11-01,12400.0
SUB-02468,1077,SMB,2025-08-23,2025-08-01,9400.0
SUB-02469,1077,SMB,2026-06-27,2026-06-01,7500.0
SUB-02471,1078,Enterprise,2025-10-17,2025-10-01,171200.0
SUB-02480,1084,SMB,2026-05-17,2026-05-01,5700.0
SUB-02488,1088,SMB,2025-05-24,2025-05-01,23600.0
SUB-02500,1095,SMB,2026-05-09,2026-05-01,9200.0
SUB-02505,1096,Mid-Market,2025-11-12,2025-11-01,57000.0
SUB-02508,1097,Mid-Market,2026-01-14,2026-01-01,38200.0
SUB-02510,1098,SMB,2026-02-25,2026-02-01,6500.0
SUB-02511,1099,SMB,2026-04-17,2026-04-01,10600.0
SUB-02522,1105,Mid-Market,2026-04-28,2026-04-01,44500.0
SUB-02530,1107,SMB,2025-09-09,2025-09-01,9900.0
SUB-02557,1120,SMB,2026-05-25,2026-05-01,12200.0
SUB-02560,1121,Mid-Market,2026-02-15,2026-02-01,14500.0
SUB-02568,1124,SMB,2025-09-08,2025-09-01,8700.0
SUB-02569,1125,SMB,2026-04-04,2026-04-01,19500.0
SUB-02581,1130,SMB,2026-05-07,2026-05-01,11100.0
SUB-02604,1142,SMB,2026-03-06,2026-03-01,10400.0
SUB-02619,1152,SMB,2025-12-22,2025-12-01,6900.0
SUB-02633,1156,SMB,2025-05-24,2025-05-01,8400.0
SUB-02648,1165,SMB,2024-10-02,2024-10-01,4000.0
SUB-02658,1171,SMB,2026-02-11,2026-02-01,9900.0
SUB-02669,1177,SMB,2025-09-23,2025-09-01,7600.0
SUB-02675,1181,Enterprise,2025-10-05,2025-10-01,184100.0
SUB-02691,1188,SMB,2025-09-18,2025-09-01,10300.0
SUB-02709,1196,SMB,2025-07-07,2025-07-01,10100.0
SUB-02713,1198,SMB,2025-09-26,2025-09-01,8700.0
SUB-02714,1199,SMB,2025-01-11,2025-01-01,6900.0
SUB-02716,1201,Enterprise,2026-02-03,2026-02-01,281600.0
SUB-02719,1202,Mid-Market,2026-02-19,2026-02-01,22300.0
SUB-02729,1206,SMB,2025-08-28,2025-08-01,10200.0
SUB-02749,1215,Mid-Market,2025-03-30,2025-03-01,18200.0
SUB-02750,1216,SMB,2025-09-11,2025-09-01,24800.0
SUB-02755,1218,SMB,2025-12-30,2025-12-01,19200.0
SUB-02756,1219,SMB,2025-06-03,2025-06-01,24500.0
SUB-02775,1228,SMB,2024-11-01,2024-11-01,4600.0
SUB-02782,1233,SMB,2025-12-30,2025-12-01,4400.0
SUB-02785,1235,SMB,2025-11-22,2025-11-01,11800.0
SUB-02786,1236,SMB,2025-01-25,2025-01-01,11000.0
SUB-02788,1238,Enterprise,2025-11-25,2025-11-01,350000.0
SUB-02792,1241,SMB,2025-06-26,2025-06-01,14200.0
SUB-02801,1244,SMB,2025-11-17,2025-11-01,6000.0
SUB-02803,1245,SMB,2025-12-23,2025-12-01,17200.0
SUB-02818,1253,Mid-Market,2025-05-04,2025-05-01,40800.0
SUB-02837,1262,Mid-Market,2024-12-21,2024-12-01,34100.0
SUB-02838,1262,Mid-Market,2025-06-28,2025-06-01,31300.0
SUB-02839,1263,SMB,2024-12-03,2024-12-01,9200.0
SUB-02851,1267,SMB,2026-01-30,2026-01-01,3700.0
SUB-02856,1268,SMB,2025-12-05,2025-12-01,10400.0
SUB-02860,1271,SMB,2025-04-23,2025-04-01,6700.0
SUB-02866,1273,SMB,2024-11-21,2024-11-01,14200.0
SUB-02867,1273,SMB,2025-12-11,2025-12-01,19800.0
SUB-02868,1273,SMB,2026-03-30,2026-03-01,13300.0
SUB-02872,1274,Mid-Market,2025-01-07,2025-01-01,58500.0
SUB-02894,1283,SMB,2026-03-01,2026-03-01,10600.0
SUB-02898,1285,Mid-Market,2025-05-01,2025-05-01,51400.0
SUB-02909,1290,SMB,2025-04-25,2025-04-01,7100.0
SUB-02929,1299,SMB,2026-02-17,2026-02-01,5800.0
SUB-02932,1300,SMB,2026-02-05,2026-02-01,11200.0
SUB-02934,1301,SMB,2026-01-08,2026-01-01,9600.0
SUB-02936,1302,Mid-Market,2026-01-31,2026-01-01,22300.0
SUB-02944,1304,Enterprise,2025-09-27,2025-09-01,166000.0
SUB-02948,1306,Mid-Market,2025-09-02,2025-09-01,82500.0
SUB-02949,1307,Mid-Market,2026-05-06,2026-05-01,32000.0
SUB-02957,1312,Mid-Market,2025-09-13,2025-09-01,31300.0
SUB-02959,1313,SMB,2025-11-09,2025-11-01,27100.0
SUB-02966,1318,SMB,2025-11-07,2025-11-01,15200.0
SUB-02970,1320,SMB,2025-10-15,2025-10-01,11300.0
SUB-02971,1321,SMB,2026-05-18,2026-05-01,6100.0
SUB-02980,1324,SMB,2026-04-23,2026-04-01,14000.0
SUB-02982,1326,SMB,2025-04-15,2025-04-01,10100.0
SUB-03003,1337,SMB,2026-05-20,2026-05-01,6900.0
SUB-03007,1338,Mid-Market,2026-03-04,2026-03-01,33600.0
SUB-03032,1352,SMB,2026-05-02,2026-05-01,18700.0
SUB-03035,1353,SMB,2025-07-06,2025-07-01,10600.0
SUB-03040,1354,Enterprise,2026-05-14,2026-05-01,172400.0
SUB-03048,1357,Mid-Market,2026-03-30,2026-03-01,53700.0
SUB-03053,1361,SMB,2026-01-06,2026-01-01,5400.0
SUB-03061,1365,SMB,2026-06-23,2026-06-01,6400.0
SUB-03069,1368,SMB,2026-04-24,2026-04-01,17600.0
SUB-03073,1370,Enterprise,2025-10-28,2025-10-01,315700.0
SUB-03080,1372,Mid-Market,2025-09-30,2025-09-01,38700.0
SUB-03085,1375,SMB,2025-03-13,2025-03-01,15500.0
SUB-03086,1376,SMB,2026-02-14,2026-02-01,10000.0
SUB-03093,1379,Mid-Market,2025-10-13,2025-10-01,29600.0
SUB-03104,1382,Mid-Market,2026-02-26,2026-02-01,36500.0
SUB-03110,1385,SMB,2025-01-22,2025-01-01,12700.0
SUB-03111,1386,Mid-Market,2025-04-09,2025-04-01,22700.0
SUB-03112,1386,Mid-Market,2026-01-25,2026-01-01,27400.0
SUB-03115,1389,SMB,2026-06-26,2026-06-01,4900.0
SUB-03123,1393,SMB,2026-03-15,2026-03-01,10200.0
SUB-03125,1394,SMB,2025-08-13,2025-08-01,7100.0
SUB-03128,1396,SMB,2026-03-23,2026-03-01,13200.0
SUB-03136,1400,Mid-Market,2026-01-28,2026-01-01,30200.0
SUB-03138,1401,Mid-Market,2026-01-18,2026-01-01,82300.0
SUB-03143,1404,SMB,2026-06-11,2026-06-01,7900.0
SUB-03149,1406,SMB,2026-06-17,2026-06-01,10500.0
SUB-03157,1409,SMB,2026-06-06,2026-06-01,12400.0
SUB-03161,1411,SMB,2026-03-09,2026-03-01,14200.0
SUB-03171,1416,Mid-Market,2026-04-24,2026-04-01,36400.0
SUB-03182,1422,Mid-Market,2025-04-25,2025-04-01,27700.0
SUB-03188,1424,SMB,2024-12-30,2024-12-01,10800.0
SUB-03203,1431,SMB,2025-07-19,2025-07-01,8100.0
SUB-03209,1433,SMB,2025-10-04,2025-10-01,11400.0
SUB-03210,1433,SMB,2026-06-05,2026-06-01,10100.0
SUB-03221,1439,SMB,2025-11-16,2025-11-01,20100.0
SUB-03225,1442,Mid-Market,2025-09-18,2025-09-01,35400.0
SUB-03228,1444,Enterprise,2026-02-06,2026-02-01,134400.0
SUB-03232,1447,SMB,2026-01-02,2026-01-01,6800.0
SUB-03242,1452,SMB,2025-07-06,2025-07-01,14300.0
SUB-03247,1454,SMB,2025-01-15,2025-01-01,7800.0
SUB-03251,1458,SMB,2025-12-03,2025-12-01,4500.0
SUB-03281,1471,SMB,2024-10-12,2024-10-01,12000.0
SUB-03283,1472,Mid-Market,2026-03-12,2026-03-01,15500.0
SUB-03286,1473,SMB,2026-06-18,2026-06-01,12300.0
SUB-03296,1478,SMB,2026-03-20,2026-03-01,8300.0
SUB-03300,1481,Mid-Market,2025-07-26,2025-07-01,31900.0
SUB-03331,1491,SMB,2026-06-13,2026-06-01,15200.0
SUB-03341,1500,Mid-Market,2025-04-18,2025-04-01,44400.0
SUB-03351,1505,SMB,2025-05-12,2025-05-01,6600.0
SUB-03353,1506,SMB,2026-02-03,2026-02-01,8800.0
SUB-03355,1507,SMB,2026-05-09,2026-05-01,9800.0
SUB-03367,1513,Mid-Market,2026-01-05,2026-01-01,34100.0
SUB-03374,1516,SMB,2026-04-28,2026-04-01,12100.0
SUB-03386,1519,Mid-Market,2025-09-23,2025-09-01,63100.0
SUB-03387,1520,SMB,2026-04-16,2026-04-01,9900.0
SUB-03390,1521,SMB,2026-06-03,2026-06-01,16600.0
SUB-03395,1524,Mid-Market,2026-01-25,2026-01-01,36900.0
SUB-03396,1525,SMB,2025-04-01,2025-04-01,19700.0
SUB-03428,1535,Enterprise,2026-06-23,2026-06-01,219200.0
SUB-03450,1546,SMB,2025-06-29,2025-06-01,27900.0
SUB-03452,1547,Mid-Market,2026-06-11,2026-06-01,58800.0
SUB-03464,1552,SMB,2026-04-08,2026-04-01,8500.0
SUB-03465,1553,Mid-Market,2025-01-07,2025-01-01,26500.0
SUB-03472,1559,SMB,2026-02-13,2026-02-01,9400.0
SUB-03474,1560,SMB,2025-07-25,2025-07-01,10500.0
SUB-03487,1566,SMB,2026-05-16,2026-05-01,17000.0
SUB-03490,1568,SMB,2026-03-01,2026-03-01,7400.0
SUB-03497,1573,SMB,2025-09-29,2025-09-01,16500.0
SUB-03499,1575,Mid-Market,2026-02-04,2026-02-01,42600.0
SUB-03515,1581,Enterprise,2024-12-29,2024-12-01,198500.0
SUB-03530,1589,SMB,2024-12-17,2024-12-01,16500.0
SUB-03546,1594,SMB,2026-04-10,2026-04-01,10900.0
SUB-03551,1595,SMB,2025-06-03,2025-06-01,23500.0
SUB-03560,1601,SMB,2025-01-28,2025-01-01,11800.0
SUB-03562,1601,SMB,2026-06-02,2026-06-01,19400.0
SUB-03577,1605,Enterprise,2026-04-09,2026-04-01,235100.0
SUB-03590,1612,Mid-Market,2025-12-26,2025-12-01,33700.0
SUB-03606,1622,SMB,2025-10-15,2025-10-01,5300.0
SUB-03614,1626,SMB,2025-09-29,2025-09-01,10100.0
SUB-03615,1626,SMB,2026-05-27,2026-05-01,8200.0
SUB-03623,1630,SMB,2025-03-21,2025-03-01,4400.0
SUB-03624,1630,SMB,2026-02-03,2026-02-01,13800.0
SUB-03625,1630,SMB,2026-05-08,2026-05-01,3000.0
SUB-03629,1632,SMB,2026-01-25,2026-01-01,13400.0
SUB-03643,1637,SMB,2025-02-16,2025-02-01,11500.0
SUB-03681,1652,SMB,2026-04-23,2026-04-01,10500.0
SUB-03696,1660,SMB,2025-09-29,2025-09-01,7700.0
SUB-03718,1668,Mid-Market,2025-06-24,2025-06-01,33200.0
SUB-03719,1668,Mid-Market,2026-03-07,2026-03-01,21000.0
SUB-03730,1671,SMB,2025-11-03,2025-11-01,14200.0
SUB-03737,1673,Mid-Market,2026-04-09,2026-04-01,46600.0
SUB-03738,1674,Mid-Market,2026-03-23,2026-03-01,38200.0
SUB-03742,1676,SMB,2025-07-07,2025-07-01,13100.0
SUB-03743,1676,SMB,2026-05-07,2026-05-01,13700.0
SUB-03753,1678,SMB,2026-03-25,2026-03-01,15400.0
SUB-03764,1683,SMB,2026-04-12,2026-04-01,9100.0
SUB-03777,1688,SMB,2025-03-15,2025-03-01,12800.0
SUB-03784,1693,SMB,2025-04-12,2025-04-01,8000.0
SUB-03788,1697,SMB,2024-12-22,2024-12-01,15700.0
SUB-03797,1701,SMB,2026-02-09,2026-02-01,6700.0
SUB-03803,1704,SMB,2026-01-21,2026-01-01,6800.0
SUB-03807,1707,Mid-Market,2025-01-23,2025-01-01,74200.0
SUB-03810,1710,SMB,2026-03-13,2026-03-01,18500.0
SUB-03811,1711,SMB,2024-12-13,2024-12-01,4400.0
SUB-03817,1714,SMB,2024-12-14,2024-12-01,16400.0
SUB-03820,1716,SMB,2025-12-31,2025-12-01,5400.0
SUB-03837,1723,Mid-Market,2025-11-08,2025-11-01,42700.0
SUB-03858,1736,Mid-Market,2024-11-07,2024-11-01,118900.0
SUB-03869,1741,Mid-Market,2026-03-25,2026-03-01,59700.0
SUB-03875,1743,SMB,2025-08-07,2025-08-01,12000.0
SUB-03881,1748,SMB,2026-02-03,2026-02-01,9300.0
SUB-03884,1749,SMB,2025-07-15,2025-07-01,8300.0
SUB-03890,1751,SMB,2025-05-24,2025-05-01,35500.0
SUB-03895,1754,SMB,2026-03-01,2026-03-01,16900.0
SUB-03906,1758,SMB,2025-09-28,2025-09-01,9400.0
SUB-03909,1759,SMB,2025-06-03,2025-06-01,12700.0
SUB-03913,1760,SMB,2026-02-25,2026-02-01,11800.0
SUB-03939,1770,Mid-Market,2026-01-06,2026-01-01,65200.0
SUB-03940,1771,Mid-Market,2024-12-30,2024-12-01,18600.0
SUB-03941,1771,Mid-Market,2025-12-24,2025-12-01,14400.0
SUB-03945,1774,Mid-Market,2025-07-04,2025-07-01,33500.0
SUB-03952,1776,SMB,2025-03-01,2025-03-01,9500.0
SUB-03953,1776,SMB,2026-01-14,2026-01-01,14600.0
SUB-03968,1783,SMB,2025-09-25,2025-09-01,8700.0
SUB-03974,1785,SMB,2025-10-16,2025-10-01,15000.0
SUB-03975,1785,SMB,2026-01-20,2026-01-01,19500.0
SUB-03991,1791,Mid-Market,2025-04-09,2025-04-01,31900.0
SUB-04007,1797,Enterprise,2026-02-14,2026-02-01,218200.0
SUB-04011,1799,SMB,2026-03-01,2026-03-01,11000.0
SUB-04020,1802,SMB,2026-02-08,2026-02-01,10100.0
SUB-04036,1811,SMB,2025-03-19,2025-03-01,13500.0
SUB-04037,1811,SMB,2026-04-01,2026-04-01,12100.0
SUB-04038,1811,SMB,2026-05-31,2026-05-01,12700.0
SUB-04053,1817,Mid-Market,2026-06-27,2026-06-01,45500.0
SUB-04069,1823,SMB,2024-11-27,2024-11-01,10400.0
SUB-04070,1823,SMB,2025-06-14,2025-06-01,14000.0
SUB-04077,1827,SMB,2026-06-14,2026-06-01,12700.0
SUB-04085,1832,Mid-Market,2025-01-21,2025-01-01,31900.0
SUB-04093,1839,SMB,2026-04-27,2026-04-01,21800.0
SUB-04095,1840,SMB,2024-10-30,2024-10-01,4300.0
SUB-04108,1845,SMB,2026-05-19,2026-05-01,19500.0
SUB-04109,1846,Mid-Market,2025-07-14,2025-07-01,43900.0
SUB-04111,1847,SMB,2026-04-04,2026-04-01,12900.0
SUB-04135,1857,SMB,2026-05-24,2026-05-01,16500.0
SUB-04148,1862,SMB,2025-02-26,2025-02-01,18000.0
SUB-04154,1865,SMB,2025-03-06,2025-03-01,9200.0
SUB-04155,1866,Mid-Market,2026-05-25,2026-05-01,54500.0
SUB-04169,1872,Mid-Market,2026-06-23,2026-06-01,111600.0
SUB-04201,1886,Mid-Market,2025-11-04,2025-11-01,44700.0
SUB-04206,1887,Mid-Market,2025-09-14,2025-09-01,46200.0
SUB-04212,1890,SMB,2025-08-13,2025-08-01,7000.0
SUB-04216,1891,SMB,2025-06-07,2025-06-01,12300.0
SUB-04217,1891,SMB,2026-01-25,2026-01-01,19100.0
SUB-04227,1894,SMB,2025-11-15,2025-11-01,17800.0
SUB-04233,1897,Mid-Market,2025-09-21,2025-09-01,68900.0
SUB-04236,1899,SMB,2025-06-19,2025-06-01,17400.0
SUB-04241,1900,Mid-Market,2025-12-22,2025-12-01,47100.0
SUB-04251,1906,SMB,2025-03-28,2025-03-01,14300.0
SUB-04259,1912,SMB,2026-01-21,2026-01-01,8500.0
SUB-04262,1914,Mid-Market,2025-09-18,2025-09-01,40300.0
SUB-04263,1914,Mid-Market,2026-05-27,2026-05-01,27300.0
SUB-04267,1916,Mid-Market,2025-12-04,2025-12-01,39900.0
SUB-04268,1917,Mid-Market,2025-11-20,2025-11-01,29000.0
SUB-04301,1931,Mid-Market,2025-12-27,2025-12-01,43200.0
SUB-04303,1932,SMB,2025-06-10,2025-06-01,15800.0
SUB-04307,1934,Mid-Market,2024-12-20,2024-12-01,33600.0
SUB-04313,1937,Mid-Market,2025-04-12,2025-04-01,38300.0
SUB-04314,1937,Mid-Market,2025-12-31,2025-12-01,32800.0
SUB-04325,1942,Mid-Market,2026-04-04,2026-04-01,50000.0
SUB-04331,1947,Mid-Market,2026-05-22,2026-05-01,69300.0
SUB-04336,1949,SMB,2025-07-22,2025-07-01,13100.0
SUB-04359,1959,Mid-Market,2026-03-22,2026-03-01,48300.0
SUB-04360,1960,Enterprise,2025-12-16,2025-12-01,130000.0
SUB-04365,1963,SMB,2025-07-15,2025-07-01,12300.0
SUB-04379,1972,SMB,2025-04-23,2025-04-01,5600.0
SUB-04384,1975,Enterprise,2026-04-22,2026-04-01,125700.0
SUB-04386,1976,SMB,2024-10-28,2024-10-01,10300.0
SUB-04387,1976,SMB,2025-08-01,2025-08-01,4200.0
SUB-04390,1977,SMB,2026-02-08,2026-02-01,15300.0
SUB-04399,1981,Mid-Market,2025-06-23,2025-06-01,46500.0
SUB-04405,1984,SMB,2026-03-04,2026-03-01,15200.0
SUB-04407,1986,SMB,2026-04-26,2026-04-01,11100.0
SUB-04434,1995,Mid-Market,2025-09-25,2025-09-01,38900.0
SUB-04441,1999,SMB,2024-09-10,2024-09-01,9600.0
SUB-04442,1999,SMB,2025-10-08,2025-10-01,12300.0
SUB-04443,1999,SMB,2026-01-27,2026-01-01,15400.0
SUB-04444,2000,SMB,2025-01-16,2025-01-01,22100.0
SUB-04445,2000,SMB,2026-01-12,2026-01-01,16200.0
SUB-04450,2002,SMB,2025-06-21,2025-06-01,11600.0
SUB-04468,2010,SMB,2026-04-24,2026-04-01,9800.0
SUB-04479,2014,Mid-Market,2024-12-12,2024-12-01,39900.0
SUB-04482,2016,SMB,2026-02-22,2026-02-01,8200.0
SUB-04489,2018,Mid-Market,2025-12-04,2025-12-01,33500.0
SUB-04494,2022,Mid-Market,2026-04-16,2026-04-01,27800.0
SUB-04515,2032,SMB,2024-10-21,2024-10-01,9300.0
SUB-04516,2032,SMB,2025-10-24,2025-10-01,19100.0
SUB-04517,2032,SMB,2025-12-30,2025-12-01,8500.0
SUB-04519,2033,SMB,2025-07-25,2025-07-01,4800.0
SUB-04526,2035,SMB,2026-05-05,2026-05-01,13300.0
SUB-04528,2036,SMB,2025-07-13,2025-07-01,12000.0
SUB-04529,2037,SMB,2025-05-31,2025-05-01,8800.0
SUB-04538,2041,Mid-Market,2026-02-08,2026-02-01,35200.0
SUB-04546,2044,SMB,2026-01-22,2026-01-01,15800.0
SUB-04548,2045,SMB,2026-04-12,2026-04-01,7200.0
SUB-04559,2052,Mid-Market,2025-05-13,2025-05-01,26000.0
SUB-04563,2056,Mid-Market,2026-06-08,2026-06-01,18300.0
SUB-04565,2058,SMB,2025-07-03,2025-07-01,8700.0
SUB-04595,2069,Mid-Market,2024-11-04,2024-11-01,48700.0
SUB-04597,2070,Mid-Market,2026-02-04,2026-02-01,16200.0
SUB-04607,2073,SMB,2025-08-19,2025-08-01,12000.0
SUB-04627,2082,SMB,2026-06-04,2026-06-01,14000.0
SUB-04632,2084,Mid-Market,2025-06-07,2025-06-01,27200.0
SUB-04639,2088,SMB,2025-09-10,2025-09-01,8000.0
SUB-04640,2088,SMB,2026-05-26,2026-05-01,7000.0
SUB-04641,2089,SMB,2026-04-25,2026-04-01,5800.0
SUB-04645,2090,SMB,2025-04-18,2025-04-01,7700.0
SUB-04652,2093,SMB,2024-10-19,2024-10-01,10100.0
SUB-04654,2094,SMB,2025-12-22,2025-12-01,10800.0
SUB-04655,2095,SMB,2024-12-15,2024-12-01,8600.0
SUB-04657,2095,SMB,2026-03-31,2026-03-01,11100.0
SUB-04662,2097,SMB,2025-12-29,2025-12-01,21700.0
SUB-04674,2103,SMB,2024-11-19,2024-11-01,20100.0
SUB-04675,2104,SMB,2026-02-13,2026-02-01,10200.0
SUB-04688,2109,SMB,2026-02-16,2026-02-01,16100.0
SUB-04690,2110,SMB,2024-10-18,2024-10-01,12200.0
SUB-04706,2117,Mid-Market,2025-08-31,2025-08-01,41100.0
SUB-04709,2118,SMB,2026-02-27,2026-02-01,13500.0
SUB-04711,2119,SMB,2025-09-10,2025-09-01,16800.0
SUB-04726,2126,SMB,2025-08-25,2025-08-01,12200.0
SUB-04736,2129,SMB,2025-10-17,2025-10-01,16800.0
SUB-04743,2132,SMB,2025-11-10,2025-11-01,10600.0
SUB-04750,2136,SMB,2025-02-06,2025-02-01,7500.0
SUB-04783,2149,Mid-Market,2025-08-05,2025-08-01,39000.0
SUB-04789,2151,SMB,2025-11-30,2025-11-01,8500.0
SUB-04791,2153,SMB,2025-11-05,2025-11-01,8000.0
SUB-04795,2155,Mid-Market,2026-01-24,2026-01-01,26600.0
SUB-04800,2159,Enterprise,2026-01-02,2026-01-01,191500.0
SUB-04806,2163,SMB,2026-06-02,2026-06-01,6800.0
SUB-04810,2165,Enterprise,2025-08-17,2025-08-01,185200.0
SUB-04817,2169,SMB,2026-03-24,2026-03-01,11400.0
SUB-04823,2172,Mid-Market,2026-03-14,2026-03-01,42400.0
SUB-04825,2173,SMB,2026-04-01,2026-04-01,9700.0
SUB-04834,2175,Mid-Market,2026-03-12,2026-03-01,28500.0
SUB-04844,2179,SMB,2026-06-08,2026-06-01,17100.0
SUB-04866,2188,SMB,2025-10-30,2025-10-01,11600.0
SUB-04874,2191,SMB,2026-03-08,2026-03-01,12900.0
SUB-04905,2201,Mid-Market,2026-03-05,2026-03-01,42500.0
SUB-04907,2202,SMB,2026-04-07,2026-04-01,17800.0
SUB-04911,2203,Enterprise,2025-12-31,2025-12-01,159300.0
SUB-04914,2205,SMB,2025-10-25,2025-10-01,8500.0
SUB-04923,2207,Mid-Market,2025-04-26,2025-04-01,19700.0
SUB-04925,2208,Enterprise,2025-07-27,2025-07-01,272300.0
SUB-04951,2222,Mid-Market,2025-12-21,2025-12-01,42900.0
SUB-04953,2224,SMB,2026-04-27,2026-04-01,10700.0
SUB-04962,2229,SMB,2026-06-10,2026-06-01,6800.0
SUB-04970,2234,SMB,2025-12-12,2025-12-01,10100.0
SUB-04979,2239,Mid-Market,2025-12-11,2025-12-01,46300.0
SUB-04986,2244,SMB,2026-02-21,2026-02-01,11500.0
SUB-04990,2246,Mid-Market,2026-04-01,2026-04-01,33600.0
SUB-04993,2248,SMB,2025-02-11,2025-02-01,16100.0
SUB-05003,2253,Mid-Market,2025-06-15,2025-06-01,50100.0
SUB-05027,2264,SMB,2026-01-14,2026-01-01,13300.0
SUB-05057,2276,SMB,2025-08-23,2025-08-01,7400.0
SUB-05073,2282,SMB,2026-02-06,2026-02-01,12000.0
SUB-05086,2290,Mid-Market,2025-06-04,2025-06-01,35100.0
SUB-05089,2291,SMB,2025-12-28,2025-12-01,8700.0
SUB-05092,2292,SMB,2025-12-01,2025-12-01,9900.0
SUB-05102,2297,SMB,2026-03-16,2026-03-01,9700.0
SUB-05104,2298,SMB,2026-02-19,2026-02-01,7700.0
SUB-05106,2299,SMB,2025-01-25,2025-01-01,10100.0
SUB-05107,2299,SMB,2025-09-18,2025-09-01,18100.0
SUB-05111,2302,SMB,2024-10-12,2024-10-01,11000.0
SUB-05112,2302,SMB,2025-04-05,2025-04-01,19800.0
SUB-05113,2302,SMB,2026-05-27,2026-05-01,28600.0
SUB-05125,2307,SMB,2025-08-15,2025-08-01,15100.0
SUB-05129,2309,SMB,2025-05-18,2025-05-01,9100.0
SUB-05137,2310,SMB,2026-01-24,2026-01-01,10200.0
SUB-05139,2311,SMB,2026-03-27,2026-03-01,13700.0
SUB-05143,2313,Mid-Market,2026-04-21,2026-04-01,42100.0
SUB-05150,2315,SMB,2025-08-23,2025-08-01,6200.0
SUB-05154,2317,Mid-Market,2025-12-04,2025-12-01,24100.0
SUB-05163,2319,SMB,2025-08-04,2025-08-01,13300.0
SUB-05165,2321,SMB,2024-10-25,2024-10-01,28600.0
SUB-05180,2327,SMB,2025-06-11,2025-06-01,7900.0
SUB-05197,2333,SMB,2025-11-07,2025-11-01,11800.0
SUB-05203,2335,Mid-Market,2026-03-26,2026-03-01,37900.0
SUB-05207,2337,Mid-Market,2025-03-02,2025-03-01,13900.0
SUB-05248,2356,Mid-Market,2026-01-11,2026-01-01,50100.0
SUB-05250,2358,Mid-Market,2025-06-05,2025-06-01,36000.0
SUB-05269,2368,SMB,2026-06-20,2026-06-01,10500.0
SUB-05296,2385,SMB,2026-04-26,2026-04-01,6800.0
SUB-05301,2387,SMB,2026-01-04,2026-01-01,26700.0
SUB-05311,2392,SMB,2026-01-16,2026-01-01,13000.0
SUB-05319,2395,SMB,2026-06-11,2026-06-01,21100.0
SUB-05321,2396,SMB,2026-05-06,2026-05-01,14300.0
SUB-05322,2397,SMB,2026-04-02,2026-04-01,3700.0
SUB-05327,2401,SMB,2024-10-21,2024-10-01,18100.0
SUB-05329,2402,Mid-Market,2025-11-28,2025-11-01,22200.0
SUB-05331,2404,SMB,2026-04-07,2026-04-01,6700.0
SUB-05341,2409,SMB,2025-11-02,2025-11-01,10500.0
SUB-05347,2411,Mid-Market,2024-12-10,2024-12-01,47500.0
SUB-05350,2413,SMB,2026-05-02,2026-05-01,15700.0
SUB-05353,2414,SMB,2025-10-04,2025-10-01,12600.0
SUB-05355,2416,SMB,2026-03-06,2026-03-01,11400.0
SUB-05356,2417,Mid-Market,2025-11-23,2025-11-01,63200.0
SUB-05361,2419,SMB,2024-09-15,2024-09-01,19400.0
SUB-05374,2423,SMB,2025-08-09,2025-08-01,23400.0
SUB-05377,2424,SMB,2026-03-22,2026-03-01,17700.0
SUB-05379,2426,SMB,2026-01-30,2026-01-01,6100.0
SUB-05397,2434,SMB,2025-10-08,2025-10-01,9200.0
SUB-05404,2437,SMB,2025-11-25,2025-11-01,11600.0
SUB-05409,2438,Mid-Market,2025-05-05,2025-05-01,47700.0
SUB-05416,2442,SMB,2026-02-28,2026-02-01,8100.0
SUB-05417,2443,SMB,2025-12-16,2025-12-01,14600.0
SUB-05421,2444,SMB,2024-10-09,2024-10-01,20100.0
SUB-05427,2445,Mid-Market,2026-05-16,2026-05-01,84300.0
SUB-05432,2447,SMB,2025-04-12,2025-04-01,9500.0
SUB-05433,2447,SMB,2025-11-30,2025-11-01,6400.0
SUB-05434,2448,Enterprise,2026-06-09,2026-06-01,106300.0
SUB-05440,2451,SMB,2024-10-05,2024-10-01,8600.0
SUB-05442,2452,Enterprise,2026-05-15,2026-05-01,105000.0
SUB-05469,2462,SMB,2025-12-27,2025-12-01,7000.0
SUB-05500,2475,Mid-Market,2026-03-24,2026-03-01,30500.0
SUB-05510,2480,Mid-Market,2025-07-11,2025-07-01,64600.0
SUB-05522,2488,SMB,2025-02-27,2025-02-01,6800.0
SUB-05523,2488,SMB,2026-01-04,2026-01-01,6600.0
SUB-05541,2493,Enterprise,2025-11-27,2025-11-01,232100.0
SUB-05551,2498,Enterprise,2025-04-20,2025-04-01,234800.0
SUB-05556,2501,SMB,2026-02-06,2026-02-01,13400.0
SUB-05559,2502,SMB,2026-01-06,2026-01-01,9700.0
SUB-05598,2518,SMB,2026-05-30,2026-05-01,18900.0
SUB-05620,2524,SMB,2025-11-12,2025-11-01,6700.0
SUB-05632,2527,SMB,2025-02-18,2025-02-01,14800.0
SUB-05635,2528,Mid-Market,2026-05-11,2026-05-01,38800.0
SUB-05636,2529,Mid-Market,2026-01-18,2026-01-01,52000.0
SUB-05639,2530,SMB,2025-02-24,2025-02-01,7900.0
SUB-05646,2533,Enterprise,2026-04-13,2026-04-01,114200.0
SUB-05648,2535,SMB,2025-06-16,2025-06-01,13300.0
SUB-05650,2536,SMB,2025-10-28,2025-10-01,14000.0
SUB-05652,2537,SMB,2025-06-21,2025-06-01,11300.0
SUB-05656,2538,SMB,2025-11-17,2025-11-01,15300.0
SUB-05659,2540,SMB,2025-11-17,2025-11-01,15500.0
SUB-05662,2542,Enterprise,2026-05-17,2026-05-01,138200.0
SUB-05678,2551,SMB,2025-09-24,2025-09-01,6500.0
SUB-05680,2553,Mid-Market,2026-06-30,2026-06-01,35600.0
SUB-05714,2571,Enterprise,2025-06-02,2025-06-01,119100.0
SUB-05719,2574,SMB,2025-09-23,2025-09-01,10600.0
SUB-05724,2576,Mid-Market,2024-10-30,2024-10-01,56700.0
SUB-05725,2576,Mid-Market,2025-10-16,2025-10-01,27500.0
SUB-05728,2578,SMB,2025-08-02,2025-08-01,7300.0
SUB-05736,2583,SMB,2025-12-08,2025-12-01,7900.0
SUB-05741,2586,SMB,2025-08-09,2025-08-01,10700.0
SUB-05747,2591,SMB,2026-03-01,2026-03-01,12300.0
SUB-05748,2592,SMB,2026-01-06,2026-01-01,12800.0
SUB-05754,2593,SMB,2025-03-19,2025-03-01,8700.0
SUB-05760,2595,SMB,2024-08-29,2024-08-01,8500.0
SUB-05764,2597,SMB,2025-11-11,2025-11-01,14100.0
SUB-05768,2599,SMB,2026-05-27,2026-05-01,10800.0
