movement_month,account_id,subscription_id,segment,movement_type,arr_delta,arr_after
2026-05-01,-1,SUB-LEGACY-0001,Mid-Market,expansion,7178.44,44478.44
2025-04-01,-2,SUB-LEGACY-0002,Mid-Market,expansion,11440.93,48840.93
2026-04-01,-2,SUB-LEGACY-0002,Mid-Market,churn,-48840.93,0.0
2025-02-01,-3,SUB-LEGACY-0003,SMB,churn,-7900.0,0.0
2026-06-01,-4,SUB-LEGACY-0004,SMB,contraction,-3838.27,9161.73
2024-08-01,-5,SUB-LEGACY-0005,Enterprise,expansion,30943.63,215343.63
2025-08-01,-5,SUB-LEGACY-0005,Enterprise,expansion,58690.31,274033.94
2024-08-01,-7,SUB-LEGACY-0007,SMB,expansion,2039.04,13539.04
2026-03-01,-8,SUB-LEGACY-0008,SMB,expansion,2298.0,20898.0
2024-07-01,-9,SUB-LEGACY-0009,SMB,churn,-7900.0,0.0
2025-12-01,-10,SUB-LEGACY-0010,SMB,churn,-11400.0,0.0
2024-09-01,-11,SUB-LEGACY-0011,Enterprise,expansion,69178.89,327778.89
2025-09-01,-11,SUB-LEGACY-0011,Enterprise,churn,-327778.89,0.0
2026-05-01,-12,SUB-LEGACY-0012,SMB,expansion,5052.89,29552.89
2026-03-01,-13,SUB-LEGACY-0013,SMB,churn,-17000.0,0.0
2024-08-01,-14,SUB-LEGACY-0014,Mid-Market,expansion,22668.45,98568.45
2024-12-01,-16,SUB-LEGACY-0016,Mid-Market,expansion,16352.92,77752.92
2025-12-01,-16,SUB-LEGACY-0016,Mid-Market,expansion,23339.98,101092.9
2025-02-01,-17,SUB-LEGACY-0017,Enterprise,contraction,-22835.0,171765.0
2026-06-01,-18,SUB-LEGACY-0018,Mid-Market,expansion,12790.9,59990.9
2024-09-01,-19,SUB-LEGACY-0019,SMB,expansion,2176.26,15976.26
2025-08-01,-21,SUB-LEGACY-0021,Mid-Market,expansion,4829.88,28529.88
2024-07-01,-22,SUB-LEGACY-0022,Enterprise,expansion,55601.92,323601.92
2025-07-01,-22,SUB-LEGACY-0022,Enterprise,expansion,101402.91,425004.83
2026-04-01,-23,SUB-LEGACY-0023,SMB,expansion,927.23,8827.23
2026-02-01,-26,SUB-LEGACY-0026,SMB,expansion,576.74,4076.74
2025-05-01,-27,SUB-LEGACY-0027,SMB,churn,-8900.0,0.0
2024-11-01,-28,SUB-LEGACY-0028,Mid-Market,churn,-18300.0,0.0
2026-02-01,-29,SUB-LEGACY-0029,SMB,churn,-5000.0,0.0
2024-09-01,-30,SUB-LEGACY-0030,SMB,churn,-23800.0,0.0
2026-05-01,-31,SUB-LEGACY-0031,Mid-Market,churn,-121700.0,0.0
2026-04-01,-33,SUB-LEGACY-0033,SMB,contraction,-910.99,3189.01
2025-10-01,-34,SUB-LEGACY-0034,Mid-Market,expansion,23798.89,107298.89
2025-05-01,-35,SUB-LEGACY-0035,SMB,contraction,-1582.87,8817.13
2026-05-01,-35,SUB-LEGACY-0035,SMB,churn,-8817.13,0.0
2026-02-01,-37,SUB-LEGACY-0037,SMB,churn,-4800.0,0.0
2025-06-01,-38,SUB-LEGACY-0038,SMB,expansion,1644.95,7944.95
2026-06-01,-38,SUB-LEGACY-0038,SMB,churn,-7944.95,0.0
2024-12-01,-39,SUB-LEGACY-0039,SMB,contraction,-2898.15,7401.85
2025-08-01,-40,SUB-LEGACY-0040,SMB,churn,-17100.0,0.0
2025-01-01,-42,SUB-LEGACY-0042,Enterprise,expansion,36565.66,175465.66
2024-10-01,-43,SUB-LEGACY-0043,Enterprise,expansion,29915.07,147615.07
2025-10-01,-43,SUB-LEGACY-0043,Enterprise,expansion,39427.39,187042.46
2025-06-01,-45,SUB-LEGACY-0045,Mid-Market,contraction,-3938.44,26661.56
2026-06-01,-45,SUB-LEGACY-0045,Mid-Market,expansion,6011.31,32672.87
2025-07-01,-46,SUB-LEGACY-0046,Mid-Market,churn,-23800.0,0.0
2025-12-01,-47,SUB-LEGACY-0047,Mid-Market,expansion,12580.69,57080.69
2025-03-01,-49,SUB-LEGACY-0049,SMB,expansion,893.39,14593.39
2025-02-01,-50,SUB-LEGACY-0050,SMB,expansion,2122.91,8822.91
2025-04-01,-51,SUB-LEGACY-0051,SMB,expansion,1837.42,12737.42
2025-10-01,-52,SUB-LEGACY-0052,SMB,expansion,2883.64,16883.64
2026-03-01,-53,SUB-LEGACY-0053,SMB,expansion,2420.35,14120.35
2024-12-01,-55,SUB-LEGACY-0055,Mid-Market,expansion,11123.15,53323.15
2025-10-01,-56,SUB-LEGACY-0056,Mid-Market,churn,-60200.0,0.0
2026-05-01,-57,SUB-LEGACY-0057,Mid-Market,contraction,-3851.74,20848.26
2026-06-01,-58,SUB-LEGACY-0058,Mid-Market,contraction,-11269.5,38630.5
2025-06-01,-59,SUB-LEGACY-0059,SMB,expansion,1167.17,9767.17
2026-01-01,-60,SUB-LEGACY-0060,Mid-Market,expansion,10385.99,71485.99
2025-11-01,-61,SUB-LEGACY-0061,SMB,expansion,1416.92,13916.92
2024-09-01,-62,SUB-LEGACY-0062,SMB,churn,-10900.0,0.0
2025-02-01,-63,SUB-LEGACY-0063,Mid-Market,expansion,14548.39,63948.39
2026-02-01,-63,SUB-LEGACY-0063,Mid-Market,churn,-63948.39,0.0
2024-08-01,-64,SUB-LEGACY-0064,SMB,churn,-14900.0,0.0
2024-07-01,-65,SUB-LEGACY-0065,Enterprise,expansion,39395.29,191395.29
2026-05-01,-66,SUB-LEGACY-0066,SMB,expansion,4385.5,24285.5
2025-10-01,-67,SUB-LEGACY-0067,SMB,churn,-11800.0,0.0
2024-11-01,-68,SUB-LEGACY-0068,SMB,expansion,1753.35,10753.35
2025-11-01,-68,SUB-LEGACY-0068,SMB,expansion,1873.43,12626.78
2025-10-01,-69,SUB-LEGACY-0069,Mid-Market,expansion,4102.92,45402.92
2024-07-01,-70,SUB-LEGACY-0070,SMB,expansion,5629.81,30229.81
2025-07-01,-70,SUB-LEGACY-0070,SMB,contraction,-3652.16,26577.65
2026-05-01,-71,SUB-LEGACY-0071,SMB,expansion,1797.1,10897.1
2025-03-01,-73,SUB-LEGACY-0073,Enterprise,expansion,64093.89,295593.89
2026-02-01,-74,SUB-LEGACY-0074,Enterprise,expansion,30492.88,194992.88
2025-11-01,-75,SUB-LEGACY-0075,SMB,churn,-9000.0,0.0
2025-02-01,-76,SUB-LEGACY-0076,Mid-Market,churn,-26600.0,0.0
2025-04-01,-77,SUB-LEGACY-0077,SMB,contraction,-1226.97,8073.03
2026-02-01,-78,SUB-LEGACY-0078,Mid-Market,churn,-37500.0,0.0
2025-06-01,-79,SUB-LEGACY-0079,SMB,churn,-16100.0,0.0
2024-10-01,-80,SUB-LEGACY-0080,Mid-Market,expansion,2221.13,22821.13
2026-06-01,-81,SUB-LEGACY-0081,Mid-Market,expansion,6417.23,32717.23
2025-04-01,-82,SUB-LEGACY-0082,Mid-Market,churn,-79600.0,0.0
2025-12-01,-83,SUB-LEGACY-0083,Mid-Market,expansion,2662.39,15162.39
2024-07-01,-86,SUB-LEGACY-0086,SMB,churn,-10700.0,0.0
2024-08-01,-87,SUB-LEGACY-0087,SMB,expansion,950.56,8750.56
2025-08-01,-87,SUB-LEGACY-0087,SMB,expansion,662.46,9413.02
2025-04-01,-88,SUB-LEGACY-0088,SMB,contraction,-4853.92,12446.08
2026-05-01,-90,SUB-LEGACY-0090,SMB,expansion,2363.05,12763.05
2025-07-01,-92,SUB-LEGACY-0092,Mid-Market,churn,-29100.0,0.0
2024-09-01,-93,SUB-LEGACY-0093,SMB,expansion,2503.73,17503.73
2024-09-01,-94,SUB-LEGACY-0094,SMB,churn,-18100.0,0.0
2025-02-01,-96,SUB-LEGACY-0096,SMB,expansion,4651.77,28151.77
2024-10-01,-97,SUB-LEGACY-0097,Mid-Market,churn,-95900.0,0.0
2024-08-01,-98,SUB-LEGACY-0098,Mid-Market,expansion,3513.14,24513.14
2025-08-01,-98,SUB-LEGACY-0098,Mid-Market,expansion,6020.97,30534.11
2025-01-01,-100,SUB-LEGACY-0100,SMB,churn,-13700.0,0.0
2024-09-01,-101,SUB-LEGACY-0101,SMB,churn,-13900.0,0.0
2024-07-01,-102,SUB-LEGACY-0102,SMB,churn,-14700.0,0.0
2025-03-01,-103,SUB-LEGACY-0103,SMB,churn,-16700.0,0.0
2026-02-01,-104,SUB-LEGACY-0104,Mid-Market,contraction,-7228.26,41271.74
2025-05-01,-105,SUB-LEGACY-0105,Enterprise,expansion,32574.79,141974.79
2025-09-01,-106,SUB-LEGACY-0106,SMB,churn,-16200.0,0.0
2024-10-01,-107,SUB-LEGACY-0107,Mid-Market,expansion,3372.2,23572.2
2025-10-01,-107,SUB-LEGACY-0107,Mid-Market,expansion,4692.1,28264.3
2026-02-01,-108,SUB-LEGACY-0108,Mid-Market,expansion,9995.42,62495.42
2024-07-01,-110,SUB-LEGACY-0110,Mid-Market,expansion,10439.87,49639.87
2025-07-01,-110,SUB-LEGACY-0110,Mid-Market,expansion,7045.71,56685.58
2024-08-01,-111,SUB-LEGACY-0111,SMB,expansion,2403.12,17603.12
2025-08-01,-111,SUB-LEGACY-0111,SMB,expansion,4753.72,22356.84
2026-02-01,-112,SUB-LEGACY-0112,SMB,contraction,-1141.89,6358.11
2024-09-01,-114,SUB-LEGACY-0114,SMB,churn,-9700.0,0.0
2025-11-01,-115,SUB-LEGACY-0115,SMB,churn,-6300.0,0.0
2025-02-01,-116,SUB-LEGACY-0116,Mid-Market,expansion,13352.49,62052.49
2026-02-01,-116,SUB-LEGACY-0116,Mid-Market,expansion,9686.82,71739.31
2024-11-01,-117,SUB-LEGACY-0117,Mid-Market,expansion,15354.06,78954.06
2024-10-01,-118,SUB-LEGACY-0118,Enterprise,expansion,54385.12,262785.12
2024-12-01,-119,SUB-LEGACY-0119,SMB,expansion,1278.07,8978.07
2025-12-01,-119,SUB-LEGACY-0119,SMB,churn,-8978.07,0.0
2026-05-01,-120,SUB-LEGACY-0120,SMB,expansion,1324.3,10324.3
2024-09-01,-123,SUB-LEGACY-0123,SMB,churn,-5100.0,0.0
2025-05-01,-124,SUB-LEGACY-0124,SMB,churn,-14600.0,0.0
2025-09-01,-125,SUB-LEGACY-0125,SMB,churn,-9500.0,0.0
2026-05-01,-126,SUB-LEGACY-0126,SMB,expansion,2221.86,18021.86
2026-02-01,-127,SUB-LEGACY-0127,Mid-Market,expansion,10666.71,63866.71
2025-02-01,-129,SUB-LEGACY-0129,SMB,contraction,-1323.89,6176.11
2026-02-01,-129,SUB-LEGACY-0129,SMB,contraction,-1680.11,4496.0
2025-09-01,-130,SUB-LEGACY-0130,Enterprise,expansion,80974.21,268774.21
2024-11-01,-131,SUB-LEGACY-0131,Mid-Market,contraction,-2645.14,23354.86
2025-11-01,-131,SUB-LEGACY-0131,Mid-Market,expansion,4992.6,28347.46
2024-11-01,-132,SUB-LEGACY-0132,SMB,expansion,3891.77,19391.77
2025-11-01,-132,SUB-LEGACY-0132,SMB,churn,-19391.77,0.0
2024-07-01,-133,SUB-LEGACY-0133,Enterprise,expansion,34471.2,166971.2
2024-10-01,-135,SUB-LEGACY-0135,SMB,expansion,632.32,6832.32
2025-10-01,-135,SUB-LEGACY-0135,SMB,churn,-6832.32,0.0
2025-04-01,-136,SUB-LEGACY-0136,Mid-Market,expansion,17312.64,76912.64
2026-04-01,-136,SUB-LEGACY-0136,Mid-Market,expansion,17775.61,94688.25
2025-02-01,-138,SUB-LEGACY-0138,Mid-Market,churn,-43200.0,0.0
2025-04-01,-139,SUB-LEGACY-0139,Mid-Market,expansion,24548.62,167948.62
2025-06-01,-140,SUB-LEGACY-0140,Mid-Market,churn,-39600.0,0.0
2024-12-01,-141,SUB-LEGACY-0141,Mid-Market,expansion,10975.84,50775.84
2025-09-01,-142,SUB-LEGACY-0142,SMB,contraction,-1450.25,8849.75
2026-04-01,-145,SUB-LEGACY-0145,SMB,expansion,2034.0,12834.0
2024-07-01,-147,SUB-LEGACY-0147,SMB,expansion,1651.97,12051.97
2025-07-01,-147,SUB-LEGACY-0147,SMB,expansion,1481.58,13533.55
2024-09-01,-148,SUB-LEGACY-0148,SMB,expansion,3059.64,14859.64
2025-09-01,-148,SUB-LEGACY-0148,SMB,churn,-14859.64,0.0
2026-05-01,-149,SUB-LEGACY-0149,SMB,contraction,-5227.32,19672.68
2025-07-01,-150,SUB-LEGACY-0150,Mid-Market,expansion,11729.81,66129.81
2025-05-01,-152,SUB-LEGACY-0152,Mid-Market,churn,-46500.0,0.0
2026-05-01,-153,SUB-LEGACY-0153,SMB,churn,-14200.0,0.0
2024-08-01,-154,SUB-LEGACY-0154,Enterprise,expansion,41625.31,199325.31
2025-08-01,-154,SUB-LEGACY-0154,Enterprise,churn,-199325.31,0.0
2025-02-01,-155,SUB-LEGACY-0155,SMB,churn,-9900.0,0.0
2025-04-01,-156,SUB-LEGACY-0156,Enterprise,expansion,42054.27,206854.27
2026-04-01,-156,SUB-LEGACY-0156,Enterprise,expansion,63265.06,270119.33
2025-09-01,-157,SUB-LEGACY-0157,Mid-Market,churn,-63200.0,0.0
2025-04-01,-158,SUB-LEGACY-0158,Mid-Market,churn,-67100.0,0.0
2025-06-01,-159,SUB-LEGACY-0159,SMB,churn,-9000.0,0.0
2024-08-01,-160,SUB-LEGACY-0160,SMB,churn,-18000.0,0.0
2024-08-01,-161,SUB-LEGACY-0161,SMB,expansion,1433.42,11033.42
2025-08-01,-161,SUB-LEGACY-0161,SMB,contraction,-2150.56,8882.86
2024-10-01,-162,SUB-LEGACY-0162,SMB,churn,-19900.0,0.0
2024-09-01,-163,SUB-LEGACY-0163,SMB,expansion,2128.93,19528.93
2025-09-01,-163,SUB-LEGACY-0163,SMB,churn,-19528.93,0.0
2025-02-01,-164,SUB-LEGACY-0164,SMB,expansion,3395.74,17795.74
2025-04-01,-165,SUB-LEGACY-0165,SMB,contraction,-1378.85,6421.15
2025-03-01,-166,SUB-LEGACY-0166,SMB,churn,-19700.0,0.0
2024-11-01,-167,SUB-LEGACY-0167,Enterprise,churn,-220900.0,0.0
2024-09-01,-169,SUB-LEGACY-0169,SMB,expansion,971.83,8171.83
2025-09-01,-169,SUB-LEGACY-0169,SMB,churn,-8171.83,0.0
2026-06-01,-170,SUB-LEGACY-0170,SMB,expansion,4301.24,24701.24
2025-04-01,-171,SUB-LEGACY-0171,SMB,churn,-11000.0,0.0
2025-04-01,-172,SUB-LEGACY-0172,SMB,contraction,-2271.92,14328.08
2026-04-01,-172,SUB-LEGACY-0172,SMB,contraction,-3821.79,10506.29
2024-09-01,-173,SUB-LEGACY-0173,SMB,expansion,2444.48,16844.48
2025-09-01,-173,SUB-LEGACY-0173,SMB,churn,-16844.48,0.0
2025-07-01,-174,SUB-LEGACY-0174,Mid-Market,expansion,11467.72,52167.72
2025-04-01,-175,SUB-LEGACY-0175,Mid-Market,churn,-35100.0,0.0
2024-07-01,-176,SUB-LEGACY-0176,SMB,contraction,-2049.38,9550.62
2025-07-01,-176,SUB-LEGACY-0176,SMB,churn,-9550.62,0.0
2024-09-01,-177,SUB-LEGACY-0177,SMB,expansion,2663.34,17463.34
2025-09-01,-177,SUB-LEGACY-0177,SMB,expansion,3043.6,20506.94
2025-04-01,-178,SUB-LEGACY-0178,SMB,expansion,3188.16,20388.16
2026-04-01,-178,SUB-LEGACY-0178,SMB,churn,-20388.16,0.0
2024-08-01,-180,SUB-LEGACY-0180,Mid-Market,churn,-35600.0,0.0
2024-09-01,-181,SUB-LEGACY-0181,SMB,expansion,3860.14,28860.14
2025-09-01,-181,SUB-LEGACY-0181,SMB,churn,-28860.14,0.0
2025-07-01,-182,SUB-LEGACY-0182,Mid-Market,expansion,5177.12,42577.12
2024-07-01,-186,SUB-LEGACY-0186,Mid-Market,expansion,6189.55,41589.55
2025-07-01,-186,SUB-LEGACY-0186,Mid-Market,expansion,6738.1,48327.65
2024-07-01,-187,SUB-LEGACY-0187,Mid-Market,expansion,10005.92,53805.92
2025-02-01,-188,SUB-LEGACY-0188,SMB,churn,-7800.0,0.0
2025-01-01,-190,SUB-LEGACY-0190,SMB,expansion,2285.06,11885.06
2025-03-01,-191,SUB-LEGACY-0191,SMB,expansion,1478.05,9778.05
2026-03-01,-191,SUB-LEGACY-0191,SMB,churn,-9778.05,0.0
2025-02-01,-192,SUB-LEGACY-0192,Enterprise,churn,-140900.0,0.0
2025-12-01,-193,SUB-LEGACY-0193,SMB,expansion,2117.87,15317.87
2024-07-01,-194,SUB-LEGACY-0194,SMB,churn,-11700.0,0.0
2025-05-01,-195,SUB-LEGACY-0195,SMB,churn,-6700.0,0.0
2025-03-01,-196,SUB-LEGACY-0196,Enterprise,contraction,-36821.58,164578.42
2026-03-01,-196,SUB-LEGACY-0196,Enterprise,expansion,51066.62,215645.04
2025-06-01,-198,SUB-LEGACY-0198,Mid-Market,expansion,5187.98,52287.98
2025-03-01,-199,SUB-LEGACY-0199,SMB,churn,-7200.0,0.0
2025-10-01,-201,SUB-LEGACY-0201,SMB,contraction,-1993.47,15206.53
2025-05-01,-202,SUB-LEGACY-0202,Mid-Market,churn,-29100.0,0.0
2024-12-01,-204,SUB-LEGACY-0204,Mid-Market,churn,-42300.0,0.0
2025-01-01,-205,SUB-LEGACY-0205,Mid-Market,expansion,12258.32,46958.32
2026-01-01,-205,SUB-LEGACY-0205,Mid-Market,expansion,10471.54,57429.86
2024-07-01,-206,SUB-LEGACY-0206,Enterprise,expansion,49380.25,310780.25
2025-07-01,-206,SUB-LEGACY-0206,Enterprise,expansion,70371.77,381152.02
2025-09-01,-207,SUB-LEGACY-0207,SMB,churn,-7600.0,0.0
2025-12-01,-208,SUB-LEGACY-0208,Mid-Market,churn,-41900.0,0.0
2025-01-01,-209,SUB-LEGACY-0209,Mid-Market,churn,-38100.0,0.0
2024-07-01,-210,SUB-LEGACY-0210,SMB,expansion,1202.57,6302.57
2024-09-01,-211,SUB-LEGACY-0211,SMB,churn,-9700.0,0.0
2025-01-01,-212,SUB-LEGACY-0212,Mid-Market,expansion,4538.1,25538.1
2025-02-01,-214,SUB-LEGACY-0214,Enterprise,contraction,-29042.35,73757.65
2026-02-01,-214,SUB-LEGACY-0214,Enterprise,contraction,-13822.6,59935.05
2025-11-01,-215,SUB-LEGACY-0215,SMB,contraction,-653.92,4946.08
2025-07-01,-216,SUB-LEGACY-0216,SMB,expansion,1766.33,13666.33
2025-03-01,-217,SUB-LEGACY-0217,SMB,churn,-17700.0,0.0
2025-11-01,-218,SUB-LEGACY-0218,SMB,churn,-6200.0,0.0
2025-01-01,-219,SUB-LEGACY-0219,SMB,contraction,-2251.02,7948.98
2025-07-01,-220,SUB-LEGACY-0220,Enterprise,churn,-132200.0,0.0
2025-03-01,-221,SUB-LEGACY-0221,SMB,churn,-9700.0,0.0
2025-04-01,-224,SUB-LEGACY-0224,SMB,expansion,3314.03,27714.03
2024-09-01,-227,SUB-LEGACY-0227,SMB,contraction,-1120.82,3279.18
2025-09-01,-227,SUB-LEGACY-0227,SMB,churn,-3279.18,0.0
2025-01-01,-229,SUB-LEGACY-0229,SMB,churn,-9700.0,0.0
2024-07-01,-230,SUB-LEGACY-0230,Mid-Market,expansion,4524.75,19024.75
2025-07-01,-230,SUB-LEGACY-0230,Mid-Market,expansion,2904.1,21928.85
2025-02-01,-231,SUB-LEGACY-0231,SMB,expansion,982.72,10782.72
2024-09-01,-232,SUB-LEGACY-0232,SMB,churn,-24500.0,0.0
2024-08-01,-233,SUB-LEGACY-0233,Mid-Market,expansion,5605.04,32105.04
2025-08-01,-233,SUB-LEGACY-0233,Mid-Market,expansion,11067.23,43172.27
2026-01-01,-234,SUB-LEGACY-0234,Mid-Market,expansion,7252.72,62652.72
2026-05-01,-235,SUB-LEGACY-0235,Enterprise,expansion,63407.92,252707.92
2025-05-01,-236,SUB-LEGACY-0236,SMB,expansion,1092.82,6992.82
2026-05-01,-236,SUB-LEGACY-0236,SMB,churn,-6992.82,0.0
2025-09-01,-237,SUB-LEGACY-0237,SMB,contraction,-1904.93,16995.07
2025-11-01,-239,SUB-LEGACY-0239,Mid-Market,expansion,4749.2,59349.2
2025-07-01,-240,SUB-LEGACY-0240,Mid-Market,expansion,9729.85,60729.85
2024-09-01,-242,SUB-LEGACY-0242,SMB,expansion,500.95,6200.95
2025-09-01,-242,SUB-LEGACY-0242,SMB,contraction,-883.55,5317.4
2025-07-01,-243,SUB-LEGACY-0243,Mid-Market,churn,-34700.0,0.0
2024-11-01,-244,SUB-LEGACY-0244,SMB,churn,-17500.0,0.0
2025-06-01,-245,SUB-LEGACY-0245,SMB,churn,-34500.0,0.0
2025-08-01,-246,SUB-LEGACY-0246,Enterprise,expansion,63178.1,278378.1
2025-04-01,-247,SUB-LEGACY-0247,Mid-Market,expansion,16875.15,60575.15
2025-05-01,-248,SUB-LEGACY-0248,SMB,churn,-13300.0,0.0
2025-07-01,-249,SUB-LEGACY-0249,SMB,churn,-10200.0,0.0
2024-10-01,-250,SUB-LEGACY-0250,SMB,expansion,453.72,5353.72
2025-10-01,-250,SUB-LEGACY-0250,SMB,churn,-5353.72,0.0
2025-08-01,-251,SUB-LEGACY-0251,Mid-Market,contraction,-11274.65,38325.35
2026-05-01,-254,SUB-LEGACY-0254,SMB,contraction,-2623.83,7276.17
2025-08-01,-255,SUB-LEGACY-0255,Enterprise,expansion,70771.62,290871.62
2025-06-01,-256,SUB-LEGACY-0256,Mid-Market,expansion,19767.87,83867.87
2026-06-01,-256,SUB-LEGACY-0256,Mid-Market,churn,-83867.87,0.0
2026-03-01,-258,SUB-LEGACY-0258,Enterprise,expansion,55870.09,335070.09
2026-01-01,-259,SUB-LEGACY-0259,Mid-Market,expansion,8814.26,66514.26
2026-04-01,3,SUB-00004,SMB,new,8400.0,8400.0
2026-04-01,6,SUB-00009,Mid-Market,new,61100.0,61100.0
2026-05-01,17,SUB-00037,SMB,new,7500.0,7500.0
2025-11-01,20,SUB-00044,SMB,new,5200.0,5200.0
2026-06-01,22,SUB-00050,SMB,new,20100.0,20100.0
2026-05-01,23,SUB-00054,SMB,new,9500.0,9500.0
2025-11-01,24,SUB-00056,SMB,new,10800.0,10800.0
2025-01-01,26,SUB-00061,SMB,new,11200.0,11200.0
2025-11-01,29,SUB-00071,SMB,new,9900.0,9900.0
2025-07-01,45,SUB-00102,SMB,new,20300.0,20300.0
2025-07-01,46,SUB-00104,Mid-Market,new,17400.0,17400.0
2026-06-01,52,SUB-00118,Mid-Market,new,30200.0,30200.0
2026-06-01,62,SUB-00142,Mid-Market,new,53300.0,53300.0
2025-12-01,63,SUB-00143,SMB,new,13800.0,13800.0
2025-06-01,65,SUB-00147,Mid-Market,new,65700.0,65700.0
2025-03-01,70,SUB-00154,Mid-Market,new,40500.0,40500.0
2026-03-01,70,SUB-00154,Mid-Market,expansion,6796.15,47296.15
2025-04-01,72,SUB-00156,SMB,new,11300.0,11300.0
2026-04-01,72,SUB-00156,SMB,expansion,1792.04,13092.04
2025-10-01,74,SUB-00161,Enterprise,new,172900.0,172900.0
2025-03-01,76,SUB-00164,SMB,new,10000.0,10000.0
2026-01-01,88,SUB-00190,SMB,new,14600.0,14600.0
2025-05-01,89,SUB-00195,Mid-Market,new,37800.0,37800.0
2026-05-01,89,SUB-00195,Mid-Market,expansion,9629.09,47429.09
2025-10-01,94,SUB-00203,SMB,new,14400.0,14400.0
2025-01-01,103,SUB-00236,SMB,new,5700.0,5700.0
2026-06-01,109,SUB-00254,SMB,new,11800.0,11800.0
2025-06-01,116,SUB-00269,SMB,new,12900.0,12900.0
2026-04-01,116,SUB-00270,SMB,new,10900.0,10900.0
2025-10-01,117,SUB-00272,Enterprise,new,324500.0,324500.0
2026-04-01,119,SUB-00274,SMB,new,18100.0,18100.0
2025-01-01,122,SUB-00290,SMB,new,15900.0,15900.0
2025-09-01,122,SUB-00291,SMB,new,16900.0,16900.0
2025-07-01,123,SUB-00293,SMB,new,9500.0,9500.0
2025-12-01,131,SUB-00312,SMB,new,10300.0,10300.0
2025-09-01,134,SUB-00318,SMB,new,9300.0,9300.0
2026-05-01,134,SUB-00319,SMB,new,14000.0,14000.0
2025-05-01,140,SUB-00332,SMB,new,6600.0,6600.0
2026-05-01,140,SUB-00332,SMB,contraction,-838.99,5761.01
2026-02-01,143,SUB-00335,SMB,new,9500.0,9500.0
2026-01-01,146,SUB-00339,Mid-Market,new,43000.0,43000.0
2025-10-01,150,SUB-00345,Mid-Market,new,34200.0,34200.0
2025-08-01,151,SUB-00346,SMB,new,13700.0,13700.0
2025-12-01,152,SUB-00349,Mid-Market,new,34100.0,34100.0
2026-05-01,157,SUB-00358,SMB,new,21000.0,21000.0
2026-04-01,158,SUB-00364,SMB,new,6200.0,6200.0
2025-08-01,159,SUB-00366,SMB,new,6900.0,6900.0
2026-04-01,159,SUB-00367,SMB,new,9900.0,9900.0
2025-04-01,166,SUB-00381,SMB,new,8900.0,8900.0
2025-10-01,167,SUB-00383,SMB,new,7900.0,7900.0
2026-06-01,167,SUB-00384,SMB,new,11200.0,11200.0
2025-02-01,172,SUB-00395,SMB,new,15200.0,15200.0
2025-11-01,172,SUB-00396,SMB,new,8400.0,8400.0
2026-06-01,172,SUB-00397,SMB,new,7500.0,7500.0
2026-02-01,173,SUB-00399,SMB,new,12000.0,12000.0
2026-05-01,179,SUB-00414,Mid-Market,new,29100.0,29100.0
2025-04-01,180,SUB-00417,SMB,new,9200.0,9200.0
2026-04-01,180,SUB-00417,SMB,contraction,-2735.7,6464.3
2025-06-01,182,SUB-00420,Mid-Market,new,45700.0,45700.0
2026-02-01,186,SUB-00431,SMB,new,9600.0,9600.0
2026-05-01,196,SUB-00451,Mid-Market,new,50700.0,50700.0
2025-11-01,203,SUB-00466,Enterprise,new,111500.0,111500.0
2025-08-01,208,SUB-00472,Mid-Market,new,36300.0,36300.0
2026-06-01,213,SUB-00481,Mid-Market,new,39000.0,39000.0
2025-02-01,217,SUB-00492,Mid-Market,new,27400.0,27400.0
2026-02-01,217,SUB-00492,Mid-Market,contraction,-3182.42,24217.58
2024-11-01,220,SUB-00497,Mid-Market,new,33700.0,33700.0
2025-11-01,220,SUB-00497,Mid-Market,expansion,7207.26,40907.26
2026-03-01,221,SUB-00498,Mid-Market,new,80500.0,80500.0
2025-04-01,226,SUB-00511,Mid-Market,new,50300.0,50300.0
2026-04-01,226,SUB-00511,Mid-Market,expansion,12057.92,62357.92
2025-04-01,229,SUB-00518,SMB,new,13600.0,13600.0
2026-04-01,229,SUB-00518,SMB,expansion,1848.25,15448.25
2026-03-01,229,SUB-00519,SMB,new,7100.0,7100.0
2026-06-01,230,SUB-00521,Mid-Market,new,51700.0,51700.0
2025-03-01,232,SUB-00527,SMB,new,14400.0,14400.0
2026-03-01,232,SUB-00527,SMB,expansion,1800.28,16200.28
2026-06-01,233,SUB-00531,SMB,new,20900.0,20900.0
2024-12-01,235,SUB-00534,SMB,new,22200.0,22200.0
2025-09-01,235,SUB-00535,SMB,new,11800.0,11800.0
2025-11-01,237,SUB-00539,SMB,new,8700.0,8700.0
2025-12-01,239,SUB-00541,SMB,new,12900.0,12900.0
2026-03-01,240,SUB-00547,SMB,new,6200.0,6200.0
2026-02-01,241,SUB-00549,SMB,new,24600.0,24600.0
2025-10-01,251,SUB-00570,Mid-Market,new,48100.0,48100.0
2026-03-01,265,SUB-00590,SMB,new,14800.0,14800.0
2025-01-01,267,SUB-00592,SMB,new,10000.0,10000.0
2026-01-01,267,SUB-00592,SMB,churn,-10000.0,0.0
2025-10-01,267,SUB-00593,SMB,new,9000.0,9000.0
2024-12-01,268,SUB-00597,SMB,new,10100.0,10100.0
2025-10-01,271,SUB-00608,SMB,new,13700.0,13700.0
2025-04-01,279,SUB-00623,Mid-Market,new,44100.0,44100.0
2026-03-01,281,SUB-00628,SMB,new,9700.0,9700.0
2026-06-01,282,SUB-00630,SMB,new,10200.0,10200.0
2024-10-01,283,SUB-00634,SMB,new,17600.0,17600.0
2026-02-01,284,SUB-00639,SMB,new,8900.0,8900.0
2026-04-01,288,SUB-00648,SMB,new,11200.0,11200.0
2025-07-01,292,SUB-00662,SMB,new,9700.0,9700.0
2026-03-01,294,SUB-00667,SMB,new,12400.0,12400.0
2025-11-01,302,SUB-00688,Mid-Market,new,26600.0,26600.0
2026-02-01,305,SUB-00695,SMB,new,23700.0,23700.0
2025-09-01,307,SUB-00701,SMB,new,9500.0,9500.0
2026-05-01,307,SUB-00702,SMB,new,7900.0,7900.0
2026-04-01,314,SUB-00726,Mid-Market,new,72300.0,72300.0
2026-04-01,317,SUB-00730,SMB,new,9700.0,9700.0
2026-04-01,319,SUB-00734,Mid-Market,new,52800.0,52800.0
2025-08-01,323,SUB-00743,Mid-Market,new,18300.0,18300.0
2025-12-01,324,SUB-00745,SMB,new,6900.0,6900.0
2025-12-01,327,SUB-00749,SMB,new,12700.0,12700.0
2024-10-01,331,SUB-00769,Mid-Market,new,65000.0,65000.0
2026-01-01,333,SUB-00772,SMB,new,6300.0,6300.0
2025-05-01,334,SUB-00775,SMB,new,15500.0,15500.0
2026-04-01,334,SUB-00776,SMB,new,10100.0,10100.0
2025-06-01,335,SUB-00779,Mid-Market,new,81900.0,81900.0
2024-11-01,337,SUB-00785,SMB,new,18400.0,18400.0
2024-11-01,342,SUB-00800,Mid-Market,new,23600.0,23600.0
2026-03-01,344,SUB-00804,SMB,new,11900.0,11900.0
2025-02-01,348,SUB-00812,SMB,new,8500.0,8500.0
2025-10-01,349,SUB-00814,Mid-Market,new,30500.0,30500.0
2025-08-01,350,SUB-00816,SMB,new,9300.0,9300.0
2026-07-01,353,SUB-00819,SMB,new,4400.0,4400.0
2026-04-01,354,SUB-00822,SMB,new,20200.0,20200.0
2025-09-01,355,SUB-00823,SMB,new,11600.0,11600.0
2025-11-01,363,SUB-00841,Mid-Market,new,23200.0,23200.0
2026-05-01,370,SUB-00858,SMB,new,5100.0,5100.0
2025-10-01,371,SUB-00859,SMB,new,11700.0,11700.0
2025-08-01,372,SUB-00864,SMB,new,14700.0,14700.0
2025-03-01,377,SUB-00880,SMB,new,3900.0,3900.0
2026-03-01,377,SUB-00880,SMB,churn,-3900.0,0.0
2025-11-01,377,SUB-00881,SMB,new,14600.0,14600.0
2024-09-01,378,SUB-00885,SMB,new,8900.0,8900.0
2026-04-01,378,SUB-00887,SMB,new,5200.0,5200.0
2024-09-01,379,SUB-00888,SMB,new,7700.0,7700.0
2025-09-01,379,SUB-00888,SMB,contraction,-856.14,6843.86
2025-09-01,379,SUB-00889,SMB,new,12200.0,12200.0
2025-07-01,382,SUB-00896,SMB,new,17100.0,17100.0
2026-05-01,384,SUB-00899,Mid-Market,new,34400.0,34400.0
2025-09-01,385,SUB-00901,SMB,new,7500.0,7500.0
2025-07-01,388,SUB-00909,Mid-Market,new,62400.0,62400.0
2026-07-01,389,SUB-00912,SMB,new,6500.0,6500.0
2026-05-01,390,SUB-00915,Mid-Market,new,40900.0,40900.0
2025-06-01,392,SUB-00919,SMB,new,17900.0,17900.0
2026-06-01,392,SUB-00919,SMB,churn,-17900.0,0.0
2026-05-01,392,SUB-00920,SMB,new,9300.0,9300.0
2025-10-01,398,SUB-00932,SMB,new,16800.0,16800.0
2025-04-01,402,SUB-00947,SMB,new,11500.0,11500.0
2026-04-01,402,SUB-00947,SMB,contraction,-3207.08,8292.92
2026-04-01,406,SUB-00952,SMB,new,10300.0,10300.0
2025-04-01,411,SUB-00970,SMB,new,7400.0,7400.0
2026-04-01,411,SUB-00970,SMB,contraction,-1326.98,6073.02
2026-04-01,413,SUB-00973,SMB,new,11100.0,11100.0
2026-05-01,414,SUB-00976,SMB,new,12000.0,12000.0
2025-02-01,419,SUB-00989,SMB,new,8100.0,8100.0
2025-04-01,424,SUB-01001,SMB,new,18100.0,18100.0
2026-04-01,424,SUB-01001,SMB,contraction,-4065.76,14034.24
2025-12-01,430,SUB-01012,SMB,new,11300.0,11300.0
2026-03-01,432,SUB-01020,SMB,new,18800.0,18800.0
2026-03-01,436,SUB-01030,SMB,new,11200.0,11200.0
2025-06-01,438,SUB-01035,Mid-Market,new,69700.0,69700.0
2026-06-01,438,SUB-01035,Mid-Market,expansion,3127.65,72827.65
2026-03-01,452,SUB-01069,SMB,new,16300.0,16300.0
2025-11-01,456,SUB-01075,SMB,new,11700.0,11700.0
2025-04-01,457,SUB-01078,SMB,new,13200.0,13200.0
2026-04-01,457,SUB-01078,SMB,expansion,2129.11,15329.11
2025-12-01,458,SUB-01080,SMB,new,6800.0,6800.0
2024-11-01,459,SUB-01085,SMB,new,21600.0,21600.0
2025-08-01,459,SUB-01086,SMB,new,12000.0,12000.0
2025-03-01,460,SUB-01088,Enterprise,new,109700.0,109700.0
2026-06-01,461,SUB-01089,SMB,new,10900.0,10900.0
2025-10-01,463,SUB-01093,SMB,new,15300.0,15300.0
2026-03-01,465,SUB-01098,Mid-Market,new,95000.0,95000.0
2025-03-01,466,SUB-01099,Enterprise,new,122600.0,122600.0
2026-03-01,466,SUB-01099,Enterprise,expansion,39777.03,162377.03
2026-06-01,469,SUB-01105,SMB,new,10600.0,10600.0
2026-04-01,473,SUB-01114,SMB,new,7700.0,7700.0
2025-10-01,477,SUB-01125,SMB,new,10200.0,10200.0
2025-05-01,482,SUB-01136,SMB,new,15000.0,15000.0
2026-05-01,482,SUB-01136,SMB,expansion,3936.96,18936.96
2026-03-01,482,SUB-01137,SMB,new,10600.0,10600.0
2025-03-01,489,SUB-01152,Mid-Market,new,16300.0,16300.0
2025-03-01,498,SUB-01168,SMB,new,13800.0,13800.0
2026-03-01,498,SUB-01168,SMB,churn,-13800.0,0.0
2026-04-01,501,SUB-01179,Enterprise,new,110400.0,110400.0
2026-06-01,504,SUB-01186,SMB,new,20000.0,20000.0
2025-12-01,507,SUB-01195,Mid-Market,new,47500.0,47500.0
2026-05-01,509,SUB-01198,SMB,new,4100.0,4100.0
2026-01-01,521,SUB-01218,Mid-Market,new,20800.0,20800.0
2026-05-01,523,SUB-01223,SMB,new,10300.0,10300.0
2025-12-01,526,SUB-01229,SMB,new,19000.0,19000.0
2026-02-01,527,SUB-01232,Enterprise,new,185700.0,185700.0
2025-08-01,529,SUB-01238,SMB,new,15900.0,15900.0
2026-03-01,531,SUB-01241,SMB,new,19900.0,19900.0
2025-07-01,535,SUB-01247,SMB,new,8500.0,8500.0
2026-05-01,535,SUB-01248,SMB,new,12400.0,12400.0
2026-06-01,542,SUB-01259,Mid-Market,new,46800.0,46800.0
2026-02-01,565,SUB-01316,SMB,new,13700.0,13700.0
2026-02-01,577,SUB-01346,SMB,new,14000.0,14000.0
2026-04-01,578,SUB-01351,SMB,new,9000.0,9000.0
2024-12-01,580,SUB-01354,SMB,new,11600.0,11600.0
2025-12-01,580,SUB-01354,SMB,churn,-11600.0,0.0
2025-08-01,580,SUB-01355,SMB,new,11900.0,11900.0
2026-03-01,583,SUB-01360,Enterprise,new,151800.0,151800.0
2026-05-01,584,SUB-01362,Mid-Market,new,24300.0,24300.0
2026-01-01,585,SUB-01363,Mid-Market,new,21500.0,21500.0
2025-03-01,588,SUB-01368,SMB,new,9800.0,9800.0
2026-03-01,588,SUB-01368,SMB,contraction,-2191.49,7608.51
2026-02-01,588,SUB-01369,SMB,new,20100.0,20100.0
2024-09-01,593,SUB-01380,SMB,new,11400.0,11400.0
2025-09-01,593,SUB-01380,SMB,churn,-11400.0,0.0
2026-03-01,593,SUB-01382,SMB,new,7500.0,7500.0
2025-11-01,597,SUB-01390,Mid-Market,new,23200.0,23200.0
2026-04-01,599,SUB-01395,SMB,new,11800.0,11800.0
2025-06-01,614,SUB-01421,SMB,new,9400.0,9400.0
2026-06-01,614,SUB-01421,SMB,expansion,999.14,10399.14
2025-06-01,621,SUB-01435,SMB,new,7900.0,7900.0
2025-01-01,623,SUB-01440,Mid-Market,new,31300.0,31300.0
2026-01-01,623,SUB-01440,Mid-Market,expansion,4642.03,35942.03
2026-03-01,625,SUB-01443,SMB,new,8400.0,8400.0
2025-08-01,627,SUB-01446,SMB,new,8800.0,8800.0
2025-10-01,628,SUB-01450,SMB,new,15500.0,15500.0
2026-02-01,630,SUB-01454,SMB,new,6700.0,6700.0
2025-09-01,633,SUB-01470,SMB,new,5000.0,5000.0
2025-09-01,634,SUB-01473,SMB,new,13100.0,13100.0
2026-01-01,640,SUB-01490,SMB,new,10800.0,10800.0
2026-02-01,641,SUB-01491,SMB,new,10400.0,10400.0
2026-05-01,652,SUB-01524,SMB,new,12700.0,12700.0
2026-05-01,658,SUB-01531,SMB,new,18600.0,18600.0
2026-03-01,666,SUB-01546,Mid-Market,new,46600.0,46600.0
2026-02-01,667,SUB-01547,Mid-Market,new,68000.0,68000.0
2025-01-01,670,SUB-01552,Mid-Market,new,22600.0,22600.0
2026-01-01,670,SUB-01552,Mid-Market,expansion,4813.09,27413.09
2026-04-01,673,SUB-01558,SMB,new,5700.0,5700.0
2026-05-01,675,SUB-01562,Mid-Market,new,50600.0,50600.0
2026-06-01,676,SUB-01564,SMB,new,10900.0,10900.0
2025-09-01,679,SUB-01569,SMB,new,30300.0,30300.0
2026-04-01,682,SUB-01576,Mid-Market,new,94300.0,94300.0
2025-10-01,687,SUB-01588,Mid-Market,new,59800.0,59800.0
2025-06-01,690,SUB-01592,SMB,new,7400.0,7400.0
2026-04-01,690,SUB-01593,SMB,new,26300.0,26300.0
2025-05-01,692,SUB-01597,Mid-Market,new,15100.0,15100.0
2025-04-01,693,SUB-01600,Enterprise,new,157600.0,157600.0
2024-11-01,695,SUB-01606,SMB,new,14600.0,14600.0
2024-11-01,701,SUB-01622,SMB,new,8800.0,8800.0
2026-06-01,702,SUB-01628,SMB,new,6000.0,6000.0
2025-05-01,709,SUB-01641,SMB,new,11500.0,11500.0
2025-11-01,713,SUB-01646,SMB,new,7900.0,7900.0
2026-06-01,714,SUB-01649,SMB,new,36600.0,36600.0
2026-01-01,715,SUB-01650,SMB,new,21600.0,21600.0
2026-06-01,716,SUB-01657,SMB,new,52900.0,52900.0
2026-06-01,721,SUB-01667,SMB,new,11200.0,11200.0
2026-05-01,722,SUB-01669,SMB,new,7700.0,7700.0
2026-04-01,725,SUB-01676,Mid-Market,new,24400.0,24400.0
2026-06-01,726,SUB-01678,SMB,new,12700.0,12700.0
2025-11-01,727,SUB-01681,SMB,new,7400.0,7400.0
2025-04-01,728,SUB-01683,SMB,new,9700.0,9700.0
2026-04-01,728,SUB-01683,SMB,contraction,-1875.11,7824.89
2025-08-01,731,SUB-01688,Mid-Market,new,41500.0,41500.0
2025-11-01,733,SUB-01692,SMB,new,18100.0,18100.0
2025-10-01,734,SUB-01693,Enterprise,new,269200.0,269200.0
2025-10-01,739,SUB-01704,SMB,new,8800.0,8800.0
2025-07-01,740,SUB-01709,SMB,new,7800.0,7800.0
2026-05-01,742,SUB-01716,Enterprise,new,136100.0,136100.0
2025-02-01,746,SUB-01726,Mid-Market,new,27900.0,27900.0
2026-05-01,748,SUB-01730,Mid-Market,new,35700.0,35700.0
2025-05-01,753,SUB-01743,Mid-Market,new,30200.0,30200.0
2026-05-01,754,SUB-01746,SMB,new,15500.0,15500.0
2025-12-01,762,SUB-01758,Mid-Market,new,35900.0,35900.0
2025-11-01,770,SUB-01772,Mid-Market,new,39300.0,39300.0
2025-03-01,774,SUB-01782,SMB,new,7900.0,7900.0
2026-03-01,774,SUB-01782,SMB,expansion,1242.4,9142.4
2026-01-01,775,SUB-01783,SMB,new,9800.0,9800.0
2025-06-01,777,SUB-01790,SMB,new,17500.0,17500.0
2026-04-01,778,SUB-01792,Mid-Market,new,35400.0,35400.0
2026-01-01,785,SUB-01807,SMB,new,9800.0,9800.0
2025-10-01,789,SUB-01817,SMB,new,6500.0,6500.0
2026-03-01,790,SUB-01818,SMB,new,8200.0,8200.0
2025-10-01,792,SUB-01823,Enterprise,new,289700.0,289700.0
2025-07-01,794,SUB-01825,SMB,new,9000.0,9000.0
2026-05-01,798,SUB-01831,Mid-Market,new,47200.0,47200.0
2026-05-01,799,SUB-01833,Mid-Market,new,48000.0,48000.0
2025-11-01,801,SUB-01836,SMB,new,16500.0,16500.0
2026-02-01,802,SUB-01841,Mid-Market,new,45900.0,45900.0
2026-01-01,803,SUB-01843,SMB,new,21200.0,21200.0
2025-12-01,810,SUB-01866,SMB,new,14700.0,14700.0
2026-03-01,812,SUB-01869,SMB,new,13500.0,13500.0
2025-11-01,813,SUB-01870,SMB,new,7600.0,7600.0
2026-05-01,820,SUB-01889,SMB,new,27600.0,27600.0
2025-05-01,822,SUB-01893,SMB,new,7200.0,7200.0
2026-05-01,822,SUB-01893,SMB,churn,-7200.0,0.0
2026-01-01,822,SUB-01894,SMB,new,7100.0,7100.0
2026-03-01,833,SUB-01921,SMB,new,9500.0,9500.0
2025-12-01,836,SUB-01931,SMB,new,23400.0,23400.0
2025-05-01,839,SUB-01941,Mid-Market,new,62800.0,62800.0
2025-04-01,840,SUB-01943,Mid-Market,new,31300.0,31300.0
2026-04-01,840,SUB-01943,Mid-Market,expansion,10637.68,41937.68
2025-12-01,843,SUB-01951,SMB,new,8100.0,8100.0
2025-04-01,845,SUB-01956,Mid-Market,new,30600.0,30600.0
2025-11-01,847,SUB-01961,SMB,new,7600.0,7600.0
2025-10-01,853,SUB-01973,Mid-Market,new,48800.0,48800.0
2026-03-01,854,SUB-01974,Mid-Market,new,70800.0,70800.0
2025-09-01,861,SUB-01989,SMB,new,12000.0,12000.0
2025-04-01,864,SUB-01995,Mid-Market,new,28700.0,28700.0
2026-04-01,864,SUB-01995,Mid-Market,expansion,5849.9,34549.9
2026-04-01,866,SUB-01999,Mid-Market,new,52900.0,52900.0
2024-11-01,869,SUB-02006,Mid-Market,new,28900.0,28900.0
2025-11-01,869,SUB-02006,Mid-Market,contraction,-8289.32,20610.68
2024-08-01,871,SUB-02009,SMB,new,11600.0,11600.0
2025-07-01,871,SUB-02010,SMB,new,11600.0,11600.0
2026-03-01,877,SUB-02023,Mid-Market,new,102600.0,102600.0
2026-05-01,883,SUB-02038,SMB,new,16500.0,16500.0
2025-11-01,892,SUB-02062,Mid-Market,new,29600.0,29600.0
2026-03-01,895,SUB-02068,SMB,new,12200.0,12200.0
2026-05-01,897,SUB-02074,SMB,new,11400.0,11400.0
2025-08-01,898,SUB-02079,SMB,new,9300.0,9300.0
2026-04-01,900,SUB-02082,Mid-Market,new,66700.0,66700.0
2026-06-01,905,SUB-02091,SMB,new,11000.0,11000.0
2025-09-01,911,SUB-02106,SMB,new,10300.0,10300.0
2026-04-01,913,SUB-02109,SMB,new,6600.0,6600.0
2025-11-01,914,SUB-02111,SMB,new,17000.0,17000.0
2026-04-01,915,SUB-02119,Mid-Market,new,29800.0,29800.0
2026-06-01,919,SUB-02127,SMB,new,7700.0,7700.0
2024-11-01,924,SUB-02136,SMB,new,31600.0,31600.0
2025-11-01,924,SUB-02136,SMB,expansion,4976.13,36576.13
2025-07-01,924,SUB-02137,SMB,new,12700.0,12700.0
2026-01-01,925,SUB-02138,Mid-Market,new,30800.0,30800.0
2025-12-01,930,SUB-02145,SMB,new,13900.0,13900.0
2026-02-01,931,SUB-02147,SMB,new,18100.0,18100.0
2025-05-01,932,SUB-02153,SMB,new,6100.0,6100.0
2026-05-01,932,SUB-02153,SMB,contraction,-1477.45,4622.55
2025-02-01,935,SUB-02157,Mid-Market,new,43300.0,43300.0
2026-02-01,935,SUB-02157,Mid-Market,expansion,13156.0,56456.0
2025-08-01,936,SUB-02159,SMB,new,7100.0,7100.0
2026-06-01,937,SUB-02162,Mid-Market,new,60600.0,60600.0
2026-02-01,938,SUB-02164,Mid-Market,new,30500.0,30500.0
2026-03-01,940,SUB-02166,SMB,new,7500.0,7500.0
2026-05-01,945,SUB-02178,SMB,new,10900.0,10900.0
2026-03-01,959,SUB-02206,SMB,new,13000.0,13000.0
2025-06-01,963,SUB-02219,Mid-Market,new,20500.0,20500.0
2025-07-01,965,SUB-02222,Mid-Market,new,37500.0,37500.0
2026-06-01,972,SUB-02235,SMB,new,21100.0,21100.0
2026-06-01,973,SUB-02236,SMB,new,13800.0,13800.0
2026-03-01,974,SUB-02239,SMB,new,12700.0,12700.0
2025-12-01,983,SUB-02263,SMB,new,11900.0,11900.0
2026-03-01,990,SUB-02279,Mid-Market,new,64000.0,64000.0
2026-04-01,991,SUB-02281,SMB,new,21600.0,21600.0
2025-12-01,993,SUB-02284,SMB,new,5700.0,5700.0
2025-10-01,998,SUB-02300,SMB,new,4900.0,4900.0
2026-03-01,1000,SUB-02302,SMB,new,9100.0,9100.0
2025-11-01,1002,SUB-02307,Enterprise,new,375400.0,375400.0
2026-03-01,1003,SUB-02308,Mid-Market,new,44700.0,44700.0
2026-03-01,1015,SUB-02335,SMB,new,8500.0,8500.0
2026-01-01,1017,SUB-02340,SMB,new,10800.0,10800.0
2025-06-01,1018,SUB-02342,SMB,new,8100.0,8100.0
2026-04-01,1023,SUB-02351,Mid-Market,new,65700.0,65700.0
2025-06-01,1026,SUB-02358,SMB,new,7900.0,7900.0
2026-05-01,1028,SUB-02363,Mid-Market,new,45100.0,45100.0
2026-06-01,1034,SUB-02373,SMB,new,22400.0,22400.0
2024-11-01,1041,SUB-02386,SMB,new,6800.0,6800.0
2026-05-01,1043,SUB-02390,Enterprise,new,122800.0,122800.0
2025-09-01,1048,SUB-02398,SMB,new,11800.0,11800.0
2025-08-01,1049,SUB-02403,Mid-Market,new,44700.0,44700.0
2025-06-01,1050,SUB-02404,SMB,new,8900.0,8900.0
2025-12-01,1052,SUB-02410,SMB,new,13300.0,13300.0
2026-03-01,1054,SUB-02415,SMB,new,14800.0,14800.0
2025-02-01,1058,SUB-02420,SMB,new,20700.0,20700.0
2025-06-01,1064,SUB-02439,SMB,new,9000.0,9000.0
2026-06-01,1064,SUB-02439,SMB,contraction,-901.47,8098.53
2025-12-01,1066,SUB-02444,Enterprise,new,148900.0,148900.0
2025-09-01,1069,SUB-02449,SMB,new,5600.0,5600.0
2024-11-01,1070,SUB-02453,Mid-Market,new,87000.0,87000.0
2025-11-01,1073,SUB-02459,SMB,new,7800.0,7800.0
2024-11-01,1077,SUB-02467,SMB,new,12400.0,12400.0
2025-08-01,1077,SUB-02468,SMB,new,9400.0,9400.0
2026-06-01,1077,SUB-02469,SMB,new,7500.0,7500.0
2025-10-01,1078,SUB-02471,Enterprise,new,171200.0,171200.0
2026-05-01,1084,SUB-02480,SMB,new,5700.0,5700.0
2025-05-01,1088,SUB-02488,SMB,new,23600.0,23600.0
2026-05-01,1095,SUB-02500,SMB,new,9200.0,9200.0
2025-11-01,1096,SUB-02505,Mid-Market,new,57000.0,57000.0
2026-01-01,1097,SUB-02508,Mid-Market,new,38200.0,38200.0
2026-02-01,1098,SUB-02510,SMB,new,6500.0,6500.0
2026-04-01,1099,SUB-02511,SMB,new,10600.0,10600.0
2026-04-01,1105,SUB-02522,Mid-Market,new,44500.0,44500.0
2025-09-01,1107,SUB-02530,SMB,new,9900.0,9900.0
2026-05-01,1120,SUB-02557,SMB,new,12200.0,12200.0
2026-02-01,1121,SUB-02560,Mid-Market,new,14500.0,14500.0
2025-09-01,1124,SUB-02568,SMB,new,8700.0,8700.0
2026-04-01,1125,SUB-02569,SMB,new,19500.0,19500.0
2026-05-01,1130,SUB-02581,SMB,new,11100.0,11100.0
2026-03-01,1142,SUB-02604,SMB,new,10400.0,10400.0
2025-12-01,1152,SUB-02619,SMB,new,6900.0,6900.0
2025-05-01,1156,SUB-02633,SMB,new,8400.0,8400.0
2026-05-01,1156,SUB-02633,SMB,contraction,-905.11,7494.89
2024-10-01,1165,SUB-02648,SMB,new,4000.0,4000.0
2025-10-01,1165,SUB-02648,SMB,expansion,836.5,4836.5
2026-02-01,1171,SUB-02658,SMB,new,9900.0,9900.0
2025-09-01,1177,SUB-02669,SMB,new,7600.0,7600.0
2025-10-01,1181,SUB-02675,Enterprise,new,184100.0,184100.0
2025-09-01,1188,SUB-02691,SMB,new,10300.0,10300.0
2025-07-01,1196,SUB-02709,SMB,new,10100.0,10100.0
2025-09-01,1198,SUB-02713,SMB,new,8700.0,8700.0
2025-01-01,1199,SUB-02714,SMB,new,6900.0,6900.0
2026-02-01,1201,SUB-02716,Enterprise,new,281600.0,281600.0
2026-02-01,1202,SUB-02719,Mid-Market,new,22300.0,22300.0
2025-08-01,1206,SUB-02729,SMB,new,10200.0,10200.0
2025-03-01,1215,SUB-02749,Mid-Market,new,18200.0,18200.0
2026-03-01,1215,SUB-02749,Mid-Market,expansion,3967.65,22167.65
2025-09-01,1216,SUB-02750,SMB,new,24800.0,24800.0
2025-12-01,1218,SUB-02755,SMB,new,19200.0,19200.0
2025-06-01,1219,SUB-02756,SMB,new,24500.0,24500.0
2026-06-01,1219,SUB-02756,SMB,churn,-24500.0,0.0
2024-11-01,1228,SUB-02775,SMB,new,4600.0,4600.0
2025-11-01,1228,SUB-02775,SMB,contraction,-846.32,3753.68
2025-12-01,1233,SUB-02782,SMB,new,4400.0,4400.0
2025-11-01,1235,SUB-02785,SMB,new,11800.0,11800.0
2025-01-01,1236,SUB-02786,SMB,new,11000.0,11000.0
2026-01-01,1236,SUB-02786,SMB,contraction,-1184.47,9815.53
2025-11-01,1238,SUB-02788,Enterprise,new,350000.0,350000.0
2025-06-01,1241,SUB-02792,SMB,new,14200.0,14200.0
2026-06-01,1241,SUB-02792,SMB,churn,-14200.0,0.0
2025-11-01,1244,SUB-02801,SMB,new,6000.0,6000.0
2025-12-01,1245,SUB-02803,SMB,new,17200.0,17200.0
2025-05-01,1253,SUB-02818,Mid-Market,new,40800.0,40800.0
2026-05-01,1253,SUB-02818,Mid-Market,expansion,9007.14,49807.14
2024-12-01,1262,SUB-02837,Mid-Market,new,34100.0,34100.0
2025-12-01,1262,SUB-02837,Mid-Market,churn,-34100.0,0.0
2025-06-01,1262,SUB-02838,Mid-Market,new,31300.0,31300.0
2026-06-01,1262,SUB-02838,Mid-Market,churn,-31300.0,0.0
2024-12-01,1263,SUB-02839,SMB,new,9200.0,9200.0
2025-12-01,1263,SUB-02839,SMB,churn,-9200.0,0.0
2026-01-01,1267,SUB-02851,SMB,new,3700.0,3700.0
2025-12-01,1268,SUB-02856,SMB,new,10400.0,10400.0
2025-04-01,1271,SUB-02860,SMB,new,6700.0,6700.0
2026-04-01,1271,SUB-02860,SMB,expansion,1683.48,8383.48
2024-11-01,1273,SUB-02866,SMB,new,14200.0,14200.0
2025-11-01,1273,SUB-02866,SMB,expansion,3279.36,17479.36
2025-12-01,1273,SUB-02867,SMB,new,19800.0,19800.0
2026-03-01,1273,SUB-02868,SMB,new,13300.0,13300.0
2025-01-01,1274,SUB-02872,Mid-Market,new,58500.0,58500.0
2026-01-01,1274,SUB-02872,Mid-Market,expansion,14762.85,73262.85
2026-03-01,1283,SUB-02894,SMB,new,10600.0,10600.0
2025-05-01,1285,SUB-02898,Mid-Market,new,51400.0,51400.0
2026-05-01,1285,SUB-02898,Mid-Market,expansion,9507.57,60907.57
2025-04-01,1290,SUB-02909,SMB,new,7100.0,7100.0
2026-02-01,1299,SUB-02929,SMB,new,5800.0,5800.0
2026-02-01,1300,SUB-02932,SMB,new,11200.0,11200.0
2026-01-01,1301,SUB-02934,SMB,new,9600.0,9600.0
2026-01-01,1302,SUB-02936,Mid-Market,new,22300.0,22300.0
2025-09-01,1304,SUB-02944,Enterprise,new,166000.0,166000.0
2025-09-01,1306,SUB-02948,Mid-Market,new,82500.0,82500.0
2026-05-01,1307,SUB-02949,Mid-Market,new,32000.0,32000.0
2025-09-01,1312,SUB-02957,Mid-Market,new,31300.0,31300.0
2025-11-01,1313,SUB-02959,SMB,new,27100.0,27100.0
2025-11-01,1318,SUB-02966,SMB,new,15200.0,15200.0
2025-10-01,1320,SUB-02970,SMB,new,11300.0,11300.0
2026-05-01,1321,SUB-02971,SMB,new,6100.0,6100.0
2026-04-01,1324,SUB-02980,SMB,new,14000.0,14000.0
2025-04-01,1326,SUB-02982,SMB,new,10100.0,10100.0
2026-04-01,1326,SUB-02982,SMB,churn,-10100.0,0.0
2026-05-01,1337,SUB-03003,SMB,new,6900.0,6900.0
2026-03-01,1338,SUB-03007,Mid-Market,new,33600.0,33600.0
2026-05-01,1352,SUB-03032,SMB,new,18700.0,18700.0
2025-07-01,1353,SUB-03035,SMB,new,10600.0,10600.0
2026-05-01,1354,SUB-03040,Enterprise,new,172400.0,172400.0
2026-03-01,1357,SUB-03048,Mid-Market,new,53700.0,53700.0
2026-01-01,1361,SUB-03053,SMB,new,5400.0,5400.0
2026-06-01,1365,SUB-03061,SMB,new,6400.0,6400.0
2026-04-01,1368,SUB-03069,SMB,new,17600.0,17600.0
2025-10-01,1370,SUB-03073,Enterprise,new,315700.0,315700.0
2025-09-01,1372,SUB-03080,Mid-Market,new,38700.0,38700.0
2025-03-01,1375,SUB-03085,SMB,new,15500.0,15500.0
2026-02-01,1376,SUB-03086,SMB,new,10000.0,10000.0
2025-10-01,1379,SUB-03093,Mid-Market,new,29600.0,29600.0
2026-02-01,1382,SUB-03104,Mid-Market,new,36500.0,36500.0
2025-01-01,1385,SUB-03110,SMB,new,12700.0,12700.0
2025-04-01,1386,SUB-03111,Mid-Market,new,22700.0,22700.0
2026-01-01,1386,SUB-03112,Mid-Market,new,27400.0,27400.0
2026-06-01,1389,SUB-03115,SMB,new,4900.0,4900.0
2026-03-01,1393,SUB-03123,SMB,new,10200.0,10200.0
2025-08-01,1394,SUB-03125,SMB,new,7100.0,7100.0
2026-03-01,1396,SUB-03128,SMB,new,13200.0,13200.0
2026-01-01,1400,SUB-03136,Mid-Market,new,30200.0,30200.0
2026-01-01,1401,SUB-03138,Mid-Market,new,82300.0,82300.0
2026-06-01,1404,SUB-03143,SMB,new,7900.0,7900.0
2026-06-01,1406,SUB-03149,SMB,new,10500.0,10500.0
2026-06-01,1409,SUB-03157,SMB,new,12400.0,12400.0
2026-03-01,1411,SUB-03161,SMB,new,14200.0,14200.0
2026-04-01,1416,SUB-03171,Mid-Market,new,36400.0,36400.0
2025-04-01,1422,SUB-03182,Mid-Market,new,27700.0,27700.0
2026-04-01,1422,SUB-03182,Mid-Market,contraction,-5479.9,22220.1
2024-12-01,1424,SUB-03188,SMB,new,10800.0,10800.0
2025-12-01,1424,SUB-03188,SMB,expansion,1809.5,12609.5
2025-07-01,1431,SUB-03203,SMB,new,8100.0,8100.0
2025-10-01,1433,SUB-03209,SMB,new,11400.0,11400.0
2026-06-01,1433,SUB-03210,SMB,new,10100.0,10100.0
2025-11-01,1439,SUB-03221,SMB,new,20100.0,20100.0
2025-09-01,1442,SUB-03225,Mid-Market,new,35400.0,35400.0
2026-02-01,1444,SUB-03228,Enterprise,new,134400.0,134400.0
2026-01-01,1447,SUB-03232,SMB,new,6800.0,6800.0
2025-07-01,1452,SUB-03242,SMB,new,14300.0,14300.0
2025-01-01,1454,SUB-03247,SMB,new,7800.0,7800.0
2025-12-01,1458,SUB-03251,SMB,new,4500.0,4500.0
2024-10-01,1471,SUB-03281,SMB,new,12000.0,12000.0
2026-03-01,1472,SUB-03283,Mid-Market,new,15500.0,15500.0
2026-06-01,1473,SUB-03286,SMB,new,12300.0,12300.0
2026-03-01,1478,SUB-03296,SMB,new,8300.0,8300.0
2025-07-01,1481,SUB-03300,Mid-Market,new,31900.0,31900.0
2026-06-01,1491,SUB-03331,SMB,new,15200.0,15200.0
2025-04-01,1500,SUB-03341,Mid-Market,new,44400.0,44400.0
2026-04-01,1500,SUB-03341,Mid-Market,expansion,12708.82,57108.82
2025-05-01,1505,SUB-03351,SMB,new,6600.0,6600.0
2026-05-01,1505,SUB-03351,SMB,expansion,965.63,7565.63
2026-02-01,1506,SUB-03353,SMB,new,8800.0,8800.0
2026-05-01,1507,SUB-03355,SMB,new,9800.0,9800.0
2026-01-01,1513,SUB-03367,Mid-Market,new,34100.0,34100.0
2026-04-01,1516,SUB-03374,SMB,new,12100.0,12100.0
2025-09-01,1519,SUB-03386,Mid-Market,new,63100.0,63100.0
2026-04-01,1520,SUB-03387,SMB,new,9900.0,9900.0
2026-06-01,1521,SUB-03390,SMB,new,16600.0,16600.0
2026-01-01,1524,SUB-03395,Mid-Market,new,36900.0,36900.0
2025-04-01,1525,SUB-03396,SMB,new,19700.0,19700.0
2026-04-01,1525,SUB-03396,SMB,contraction,-3951.02,15748.98
2026-06-01,1535,SUB-03428,Enterprise,new,219200.0,219200.0
2025-06-01,1546,SUB-03450,SMB,new,27900.0,27900.0
2026-06-01,1547,SUB-03452,Mid-Market,new,58800.0,58800.0
2026-04-01,1552,SUB-03464,SMB,new,8500.0,8500.0
2025-01-01,1553,SUB-03465,Mid-Market,new,26500.0,26500.0
2026-01-01,1553,SUB-03465,Mid-Market,expansion,5541.36,32041.36
2026-02-01,1559,SUB-03472,SMB,new,9400.0,9400.0
2025-07-01,1560,SUB-03474,SMB,new,10500.0,10500.0
2026-05-01,1566,SUB-03487,SMB,new,17000.0,17000.0
2026-03-01,1568,SUB-03490,SMB,new,7400.0,7400.0
2025-09-01,1573,SUB-03497,SMB,new,16500.0,16500.0
2026-02-01,1575,SUB-03499,Mid-Market,new,42600.0,42600.0
2024-12-01,1581,SUB-03515,Enterprise,new,198500.0,198500.0
2024-12-01,1589,SUB-03530,SMB,new,16500.0,16500.0
2026-04-01,1594,SUB-03546,SMB,new,10900.0,10900.0
2025-06-01,1595,SUB-03551,SMB,new,23500.0,23500.0
2026-06-01,1595,SUB-03551,SMB,churn,-23500.0,0.0
2025-01-01,1601,SUB-03560,SMB,new,11800.0,11800.0
2026-01-01,1601,SUB-03560,SMB,churn,-11800.0,0.0
2026-06-01,1601,SUB-03562,SMB,new,19400.0,19400.0
2026-04-01,1605,SUB-03577,Enterprise,new,235100.0,235100.0
2025-12-01,1612,SUB-03590,Mid-Market,new,33700.0,33700.0
2025-10-01,1622,SUB-03606,SMB,new,5300.0,5300.0
2025-09-01,1626,SUB-03614,SMB,new,10100.0,10100.0
2026-05-01,1626,SUB-03615,SMB,new,8200.0,8200.0
2025-03-01,1630,SUB-03623,SMB,new,4400.0,4400.0
2026-03-01,1630,SUB-03623,SMB,expansion,1028.71,5428.71
2026-02-01,1630,SUB-03624,SMB,new,13800.0,13800.0
2026-05-01,1630,SUB-03625,SMB,new,3000.0,3000.0
2026-01-01,1632,SUB-03629,SMB,new,13400.0,13400.0
2025-02-01,1637,SUB-03643,SMB,new,11500.0,11500.0
2026-02-01,1637,SUB-03643,SMB,expansion,3485.14,14985.14
2026-04-01,1652,SUB-03681,SMB,new,10500.0,10500.0
2025-09-01,1660,SUB-03696,SMB,new,7700.0,7700.0
2025-06-01,1668,SUB-03718,Mid-Market,new,33200.0,33200.0
2026-06-01,1668,SUB-03718,Mid-Market,expansion,7046.36,40246.36
2026-03-01,1668,SUB-03719,Mid-Market,new,21000.0,21000.0
2025-11-01,1671,SUB-03730,SMB,new,14200.0,14200.0
2026-04-01,1673,SUB-03737,Mid-Market,new,46600.0,46600.0
2026-03-01,1674,SUB-03738,Mid-Market,new,38200.0,38200.0
2025-07-01,1676,SUB-03742,SMB,new,13100.0,13100.0
2026-05-01,1676,SUB-03743,SMB,new,13700.0,13700.0
2026-03-01,1678,SUB-03753,SMB,new,15400.0,15400.0
2026-04-01,1683,SUB-03764,SMB,new,9100.0,9100.0
2025-03-01,1688,SUB-03777,SMB,new,12800.0,12800.0
2026-03-01,1688,SUB-03777,SMB,expansion,2923.29,15723.29
2025-04-01,1693,SUB-03784,SMB,new,8000.0,8000.0
2026-04-01,1693,SUB-03784,SMB,churn,-8000.0,0.0
2024-12-01,1697,SUB-03788,SMB,new,15700.0,15700.0
2026-02-01,1701,SUB-03797,SMB,new,6700.0,6700.0
2026-01-01,1704,SUB-03803,SMB,new,6800.0,6800.0
2025-01-01,1707,SUB-03807,Mid-Market,new,74200.0,74200.0
2026-01-01,1707,SUB-03807,Mid-Market,churn,-74200.0,0.0
2026-03-01,1710,SUB-03810,SMB,new,18500.0,18500.0
2024-12-01,1711,SUB-03811,SMB,new,4400.0,4400.0
2025-12-01,1711,SUB-03811,SMB,churn,-4400.0,0.0
2024-12-01,1714,SUB-03817,SMB,new,16400.0,16400.0
2025-12-01,1716,SUB-03820,SMB,new,5400.0,5400.0
2025-11-01,1723,SUB-03837,Mid-Market,new,42700.0,42700.0
2024-11-01,1736,SUB-03858,Mid-Market,new,118900.0,118900.0
2025-11-01,1736,SUB-03858,Mid-Market,expansion,29712.38,148612.38
2026-03-01,1741,SUB-03869,Mid-Market,new,59700.0,59700.0
2025-08-01,1743,SUB-03875,SMB,new,12000.0,12000.0
2026-02-01,1748,SUB-03881,SMB,new,9300.0,9300.0
2025-07-01,1749,SUB-03884,SMB,new,8300.0,8300.0
2025-05-01,1751,SUB-03890,SMB,new,35500.0,35500.0
2026-05-01,1751,SUB-03890,SMB,expansion,7702.5,43202.5
2026-03-01,1754,SUB-03895,SMB,new,16900.0,16900.0
2025-09-01,1758,SUB-03906,SMB,new,9400.0,9400.0
2025-06-01,1759,SUB-03909,SMB,new,12700.0,12700.0
2026-02-01,1760,SUB-03913,SMB,new,11800.0,11800.0
2026-01-01,1770,SUB-03939,Mid-Market,new,65200.0,65200.0
2024-12-01,1771,SUB-03940,Mid-Market,new,18600.0,18600.0
2025-12-01,1771,SUB-03940,Mid-Market,expansion,5466.64,24066.64
2025-12-01,1771,SUB-03941,Mid-Market,new,14400.0,14400.0
2025-07-01,1774,SUB-03945,Mid-Market,new,33500.0,33500.0
2025-03-01,1776,SUB-03952,SMB,new,9500.0,9500.0
2026-03-01,1776,SUB-03952,SMB,churn,-9500.0,0.0
2026-01-01,1776,SUB-03953,SMB,new,14600.0,14600.0
2025-09-01,1783,SUB-03968,SMB,new,8700.0,8700.0
2025-10-01,1785,SUB-03974,SMB,new,15000.0,15000.0
2026-01-01,1785,SUB-03975,SMB,new,19500.0,19500.0
2025-04-01,1791,SUB-03991,Mid-Market,new,31900.0,31900.0
2026-04-01,1791,SUB-03991,Mid-Market,expansion,5641.5,37541.5
2026-02-01,1797,SUB-04007,Enterprise,new,218200.0,218200.0
2026-03-01,1799,SUB-04011,SMB,new,11000.0,11000.0
2026-02-01,1802,SUB-04020,SMB,new,10100.0,10100.0
2025-03-01,1811,SUB-04036,SMB,new,13500.0,13500.0
2026-03-01,1811,SUB-04036,SMB,churn,-13500.0,0.0
2026-04-01,1811,SUB-04037,SMB,new,12100.0,12100.0
2026-05-01,1811,SUB-04038,SMB,new,12700.0,12700.0
2026-06-01,1817,SUB-04053,Mid-Market,new,45500.0,45500.0
2024-11-01,1823,SUB-04069,SMB,new,10400.0,10400.0
2025-06-01,1823,SUB-04070,SMB,new,14000.0,14000.0
2026-06-01,1823,SUB-04070,SMB,churn,-14000.0,0.0
2026-06-01,1827,SUB-04077,SMB,new,12700.0,12700.0
2025-01-01,1832,SUB-04085,Mid-Market,new,31900.0,31900.0
2026-01-01,1832,SUB-04085,Mid-Market,churn,-31900.0,0.0
2026-04-01,1839,SUB-04093,SMB,new,21800.0,21800.0
2024-10-01,1840,SUB-04095,SMB,new,4300.0,4300.0
2025-10-01,1840,SUB-04095,SMB,expansion,611.68,4911.68
2026-05-01,1845,SUB-04108,SMB,new,19500.0,19500.0
2025-07-01,1846,SUB-04109,Mid-Market,new,43900.0,43900.0
2026-04-01,1847,SUB-04111,SMB,new,12900.0,12900.0
2026-05-01,1857,SUB-04135,SMB,new,16500.0,16500.0
2025-02-01,1862,SUB-04148,SMB,new,18000.0,18000.0
2025-03-01,1865,SUB-04154,SMB,new,9200.0,9200.0
2026-05-01,1866,SUB-04155,Mid-Market,new,54500.0,54500.0
2026-06-01,1872,SUB-04169,Mid-Market,new,111600.0,111600.0
2025-11-01,1886,SUB-04201,Mid-Market,new,44700.0,44700.0
2025-09-01,1887,SUB-04206,Mid-Market,new,46200.0,46200.0
2025-08-01,1890,SUB-04212,SMB,new,7000.0,7000.0
2025-06-01,1891,SUB-04216,SMB,new,12300.0,12300.0
2026-01-01,1891,SUB-04217,SMB,new,19100.0,19100.0
2025-11-01,1894,SUB-04227,SMB,new,17800.0,17800.0
2025-09-01,1897,SUB-04233,Mid-Market,new,68900.0,68900.0
2025-06-01,1899,SUB-04236,SMB,new,17400.0,17400.0
2025-12-01,1900,SUB-04241,Mid-Market,new,47100.0,47100.0
2025-03-01,1906,SUB-04251,SMB,new,14300.0,14300.0
2026-01-01,1912,SUB-04259,SMB,new,8500.0,8500.0
2025-09-01,1914,SUB-04262,Mid-Market,new,40300.0,40300.0
2026-05-01,1914,SUB-04263,Mid-Market,new,27300.0,27300.0
2025-12-01,1916,SUB-04267,Mid-Market,new,39900.0,39900.0
2025-11-01,1917,SUB-04268,Mid-Market,new,29000.0,29000.0
2025-12-01,1931,SUB-04301,Mid-Market,new,43200.0,43200.0
2025-06-01,1932,SUB-04303,SMB,new,15800.0,15800.0
2026-06-01,1932,SUB-04303,SMB,expansion,3068.97,18868.97
2024-12-01,1934,SUB-04307,Mid-Market,new,33600.0,33600.0
2025-12-01,1934,SUB-04307,Mid-Market,churn,-33600.0,0.0
2025-04-01,1937,SUB-04313,Mid-Market,new,38300.0,38300.0
2026-04-01,1937,SUB-04313,Mid-Market,expansion,9873.91,48173.91
2025-12-01,1937,SUB-04314,Mid-Market,new,32800.0,32800.0
2026-04-01,1942,SUB-04325,Mid-Market,new,50000.0,50000.0
2026-05-01,1947,SUB-04331,Mid-Market,new,69300.0,69300.0
2025-07-01,1949,SUB-04336,SMB,new,13100.0,13100.0
2026-03-01,1959,SUB-04359,Mid-Market,new,48300.0,48300.0
2025-12-01,1960,SUB-04360,Enterprise,new,130000.0,130000.0
2025-07-01,1963,SUB-04365,SMB,new,12300.0,12300.0
2025-04-01,1972,SUB-04379,SMB,new,5600.0,5600.0
2026-04-01,1975,SUB-04384,Enterprise,new,125700.0,125700.0
2024-10-01,1976,SUB-04386,SMB,new,10300.0,10300.0
2025-08-01,1976,SUB-04387,SMB,new,4200.0,4200.0
2026-02-01,1977,SUB-04390,SMB,new,15300.0,15300.0
2025-06-01,1981,SUB-04399,Mid-Market,new,46500.0,46500.0
2026-03-01,1984,SUB-04405,SMB,new,15200.0,15200.0
2026-04-01,1986,SUB-04407,SMB,new,11100.0,11100.0
2025-09-01,1995,SUB-04434,Mid-Market,new,38900.0,38900.0
2024-09-01,1999,SUB-04441,SMB,new,9600.0,9600.0
2025-10-01,1999,SUB-04442,SMB,new,12300.0,12300.0
2026-01-01,1999,SUB-04443,SMB,new,15400.0,15400.0
2025-01-01,2000,SUB-04444,SMB,new,22100.0,22100.0
2026-01-01,2000,SUB-04444,SMB,churn,-22100.0,0.0
2026-01-01,2000,SUB-04445,SMB,new,16200.0,16200.0
2025-06-01,2002,SUB-04450,SMB,new,11600.0,11600.0
2026-06-01,2002,SUB-04450,SMB,contraction,-1506.92,10093.08
2026-04-01,2010,SUB-04468,SMB,new,9800.0,9800.0
2024-12-01,2014,SUB-04479,Mid-Market,new,39900.0,39900.0
2025-12-01,2014,SUB-04479,Mid-Market,expansion,9884.68,49784.68
2026-02-01,2016,SUB-04482,SMB,new,8200.0,8200.0
2025-12-01,2018,SUB-04489,Mid-Market,new,33500.0,33500.0
2026-04-01,2022,SUB-04494,Mid-Market,new,27800.0,27800.0
2024-10-01,2032,SUB-04515,SMB,new,9300.0,9300.0
2025-10-01,2032,SUB-04515,SMB,expansion,504.72,9804.72
2025-10-01,2032,SUB-04516,SMB,new,19100.0,19100.0
2025-12-01,2032,SUB-04517,SMB,new,8500.0,8500.0
2025-07-01,2033,SUB-04519,SMB,new,4800.0,4800.0
2026-05-01,2035,SUB-04526,SMB,new,13300.0,13300.0
2025-07-01,2036,SUB-04528,SMB,new,12000.0,12000.0
2025-05-01,2037,SUB-04529,SMB,new,8800.0,8800.0
2026-05-01,2037,SUB-04529,SMB,churn,-8800.0,0.0
2026-02-01,2041,SUB-04538,Mid-Market,new,35200.0,35200.0
2026-01-01,2044,SUB-04546,SMB,new,15800.0,15800.0
2026-04-01,2045,SUB-04548,SMB,new,7200.0,7200.0
2025-05-01,2052,SUB-04559,Mid-Market,new,26000.0,26000.0
2026-06-01,2056,SUB-04563,Mid-Market,new,18300.0,18300.0
2025-07-01,2058,SUB-04565,SMB,new,8700.0,8700.0
2024-11-01,2069,SUB-04595,Mid-Market,new,48700.0,48700.0
2025-11-01,2069,SUB-04595,Mid-Market,expansion,4650.72,53350.72
2026-02-01,2070,SUB-04597,Mid-Market,new,16200.0,16200.0
2025-08-01,2073,SUB-04607,SMB,new,12000.0,12000.0
2026-06-01,2082,SUB-04627,SMB,new,14000.0,14000.0
2025-06-01,2084,SUB-04632,Mid-Market,new,27200.0,27200.0
2026-06-01,2084,SUB-04632,Mid-Market,churn,-27200.0,0.0
2025-09-01,2088,SUB-04639,SMB,new,8000.0,8000.0
2026-05-01,2088,SUB-04640,SMB,new,7000.0,7000.0
2026-04-01,2089,SUB-04641,SMB,new,5800.0,5800.0
2025-04-01,2090,SUB-04645,SMB,new,7700.0,7700.0
2026-04-01,2090,SUB-04645,SMB,contraction,-1285.61,6414.39
2024-10-01,2093,SUB-04652,SMB,new,10100.0,10100.0
2025-12-01,2094,SUB-04654,SMB,new,10800.0,10800.0
2024-12-01,2095,SUB-04655,SMB,new,8600.0,8600.0
2026-03-01,2095,SUB-04657,SMB,new,11100.0,11100.0
2025-12-01,2097,SUB-04662,SMB,new,21700.0,21700.0
2024-11-01,2103,SUB-04674,SMB,new,20100.0,20100.0
2026-02-01,2104,SUB-04675,SMB,new,10200.0,10200.0
2026-02-01,2109,SUB-04688,SMB,new,16100.0,16100.0
2024-10-01,2110,SUB-04690,SMB,new,12200.0,12200.0
2025-10-01,2110,SUB-04690,SMB,expansion,3371.62,15571.62
2025-08-01,2117,SUB-04706,Mid-Market,new,41100.0,41100.0
2026-02-01,2118,SUB-04709,SMB,new,13500.0,13500.0
2025-09-01,2119,SUB-04711,SMB,new,16800.0,16800.0
2025-08-01,2126,SUB-04726,SMB,new,12200.0,12200.0
2025-10-01,2129,SUB-04736,SMB,new,16800.0,16800.0
2025-11-01,2132,SUB-04743,SMB,new,10600.0,10600.0
2025-02-01,2136,SUB-04750,SMB,new,7500.0,7500.0
2025-08-01,2149,SUB-04783,Mid-Market,new,39000.0,39000.0
2025-11-01,2151,SUB-04789,SMB,new,8500.0,8500.0
2025-11-01,2153,SUB-04791,SMB,new,8000.0,8000.0
2026-01-01,2155,SUB-04795,Mid-Market,new,26600.0,26600.0
2026-01-01,2159,SUB-04800,Enterprise,new,191500.0,191500.0
2026-06-01,2163,SUB-04806,SMB,new,6800.0,6800.0
2025-08-01,2165,SUB-04810,Enterprise,new,185200.0,185200.0
2026-03-01,2169,SUB-04817,SMB,new,11400.0,11400.0
2026-03-01,2172,SUB-04823,Mid-Market,new,42400.0,42400.0
2026-04-01,2173,SUB-04825,SMB,new,9700.0,9700.0
2026-03-01,2175,SUB-04834,Mid-Market,new,28500.0,28500.0
2026-06-01,2179,SUB-04844,SMB,new,17100.0,17100.0
2025-10-01,2188,SUB-04866,SMB,new,11600.0,11600.0
2026-03-01,2191,SUB-04874,SMB,new,12900.0,12900.0
2026-03-01,2201,SUB-04905,Mid-Market,new,42500.0,42500.0
2026-04-01,2202,SUB-04907,SMB,new,17800.0,17800.0
2025-12-01,2203,SUB-04911,Enterprise,new,159300.0,159300.0
2025-10-01,2205,SUB-04914,SMB,new,8500.0,8500.0
2025-04-01,2207,SUB-04923,Mid-Market,new,19700.0,19700.0
2025-07-01,2208,SUB-04925,Enterprise,new,272300.0,272300.0
2025-12-01,2222,SUB-04951,Mid-Market,new,42900.0,42900.0
2026-04-01,2224,SUB-04953,SMB,new,10700.0,10700.0
2026-06-01,2229,SUB-04962,SMB,new,6800.0,6800.0
2025-12-01,2234,SUB-04970,SMB,new,10100.0,10100.0
2025-12-01,2239,SUB-04979,Mid-Market,new,46300.0,46300.0
2026-02-01,2244,SUB-04986,SMB,new,11500.0,11500.0
2026-04-01,2246,SUB-04990,Mid-Market,new,33600.0,33600.0
2025-02-01,2248,SUB-04993,SMB,new,16100.0,16100.0
2025-06-01,2253,SUB-05003,Mid-Market,new,50100.0,50100.0
2026-01-01,2264,SUB-05027,SMB,new,13300.0,13300.0
2025-08-01,2276,SUB-05057,SMB,new,7400.0,7400.0
2026-02-01,2282,SUB-05073,SMB,new,12000.0,12000.0
2025-06-01,2290,SUB-05086,Mid-Market,new,35100.0,35100.0
2025-12-01,2291,SUB-05089,SMB,new,8700.0,8700.0
2025-12-01,2292,SUB-05092,SMB,new,9900.0,9900.0
2026-03-01,2297,SUB-05102,SMB,new,9700.0,9700.0
2026-02-01,2298,SUB-05104,SMB,new,7700.0,7700.0
2025-01-01,2299,SUB-05106,SMB,new,10100.0,10100.0
2026-01-01,2299,SUB-05106,SMB,churn,-10100.0,0.0
2025-09-01,2299,SUB-05107,SMB,new,18100.0,18100.0
2024-10-01,2302,SUB-05111,SMB,new,11000.0,11000.0
2025-10-01,2302,SUB-05111,SMB,expansion,2207.14,13207.14
2025-04-01,2302,SUB-05112,SMB,new,19800.0,19800.0
2026-05-01,2302,SUB-05113,SMB,new,28600.0,28600.0
2025-08-01,2307,SUB-05125,SMB,new,15100.0,15100.0
2025-05-01,2309,SUB-05129,SMB,new,9100.0,9100.0
2026-01-01,2310,SUB-05137,SMB,new,10200.0,10200.0
2026-03-01,2311,SUB-05139,SMB,new,13700.0,13700.0
2026-04-01,2313,SUB-05143,Mid-Market,new,42100.0,42100.0
2025-08-01,2315,SUB-05150,SMB,new,6200.0,6200.0
2025-12-01,2317,SUB-05154,Mid-Market,new,24100.0,24100.0
2025-08-01,2319,SUB-05163,SMB,new,13300.0,13300.0
2024-10-01,2321,SUB-05165,SMB,new,28600.0,28600.0
2025-06-01,2327,SUB-05180,SMB,new,7900.0,7900.0
2026-06-01,2327,SUB-05180,SMB,expansion,2427.18,10327.18
2025-11-01,2333,SUB-05197,SMB,new,11800.0,11800.0
2026-03-01,2335,SUB-05203,Mid-Market,new,37900.0,37900.0
2025-03-01,2337,SUB-05207,Mid-Market,new,13900.0,13900.0
2026-01-01,2356,SUB-05248,Mid-Market,new,50100.0,50100.0
2025-06-01,2358,SUB-05250,Mid-Market,new,36000.0,36000.0
2026-06-01,2358,SUB-05250,Mid-Market,expansion,8278.84,44278.84
2026-06-01,2368,SUB-05269,SMB,new,10500.0,10500.0
2026-04-01,2385,SUB-05296,SMB,new,6800.0,6800.0
2026-01-01,2387,SUB-05301,SMB,new,26700.0,26700.0
2026-01-01,2392,SUB-05311,SMB,new,13000.0,13000.0
2026-06-01,2395,SUB-05319,SMB,new,21100.0,21100.0
2026-05-01,2396,SUB-05321,SMB,new,14300.0,14300.0
2026-04-01,2397,SUB-05322,SMB,new,3700.0,3700.0
2024-10-01,2401,SUB-05327,SMB,new,18100.0,18100.0
2025-10-01,2401,SUB-05327,SMB,churn,-18100.0,0.0
2025-11-01,2402,SUB-05329,Mid-Market,new,22200.0,22200.0
2026-04-01,2404,SUB-05331,SMB,new,6700.0,6700.0
2025-11-01,2409,SUB-05341,SMB,new,10500.0,10500.0
2024-12-01,2411,SUB-05347,Mid-Market,new,47500.0,47500.0
2025-12-01,2411,SUB-05347,Mid-Market,expansion,7806.26,55306.26
2026-05-01,2413,SUB-05350,SMB,new,15700.0,15700.0
2025-10-01,2414,SUB-05353,SMB,new,12600.0,12600.0
2026-03-01,2416,SUB-05355,SMB,new,11400.0,11400.0
2025-11-01,2417,SUB-05356,Mid-Market,new,63200.0,63200.0
2024-09-01,2419,SUB-05361,SMB,new,19400.0,19400.0
2025-09-01,2419,SUB-05361,SMB,contraction,-5003.88,14396.12
2025-08-01,2423,SUB-05374,SMB,new,23400.0,23400.0
2026-03-01,2424,SUB-05377,SMB,new,17700.0,17700.0
2026-01-01,2426,SUB-05379,SMB,new,6100.0,6100.0
2025-10-01,2434,SUB-05397,SMB,new,9200.0,9200.0
2025-11-01,2437,SUB-05404,SMB,new,11600.0,11600.0
2025-05-01,2438,SUB-05409,Mid-Market,new,47700.0,47700.0
2026-05-01,2438,SUB-05409,Mid-Market,churn,-47700.0,0.0
2026-02-01,2442,SUB-05416,SMB,new,8100.0,8100.0
2025-12-01,2443,SUB-05417,SMB,new,14600.0,14600.0
2024-10-01,2444,SUB-05421,SMB,new,20100.0,20100.0
2025-10-01,2444,SUB-05421,SMB,contraction,-5730.31,14369.69
2026-05-01,2445,SUB-05427,Mid-Market,new,84300.0,84300.0
2025-04-01,2447,SUB-05432,SMB,new,9500.0,9500.0
2025-11-01,2447,SUB-05433,SMB,new,6400.0,6400.0
2026-06-01,2448,SUB-05434,Enterprise,new,106300.0,106300.0
2024-10-01,2451,SUB-05440,SMB,new,8600.0,8600.0
2025-10-01,2451,SUB-05440,SMB,churn,-8600.0,0.0
2026-05-01,2452,SUB-05442,Enterprise,new,105000.0,105000.0
2025-12-01,2462,SUB-05469,SMB,new,7000.0,7000.0
2026-03-01,2475,SUB-05500,Mid-Market,new,30500.0,30500.0
2025-07-01,2480,SUB-05510,Mid-Market,new,64600.0,64600.0
2025-02-01,2488,SUB-05522,SMB,new,6800.0,6800.0
2026-01-01,2488,SUB-05523,SMB,new,6600.0,6600.0
2025-11-01,2493,SUB-05541,Enterprise,new,232100.0,232100.0
2025-04-01,2498,SUB-05551,Enterprise,new,234800.0,234800.0
2026-04-01,2498,SUB-05551,Enterprise,expansion,52679.05,287479.05
2026-02-01,2501,SUB-05556,SMB,new,13400.0,13400.0
2026-01-01,2502,SUB-05559,SMB,new,9700.0,9700.0
2026-05-01,2518,SUB-05598,SMB,new,18900.0,18900.0
2025-11-01,2524,SUB-05620,SMB,new,6700.0,6700.0
2025-02-01,2527,SUB-05632,SMB,new,14800.0,14800.0
2026-02-01,2527,SUB-05632,SMB,churn,-14800.0,0.0
2026-05-01,2528,SUB-05635,Mid-Market,new,38800.0,38800.0
2026-01-01,2529,SUB-05636,Mid-Market,new,52000.0,52000.0
2025-02-01,2530,SUB-05639,SMB,new,7900.0,7900.0
2026-04-01,2533,SUB-05646,Enterprise,new,114200.0,114200.0
2025-06-01,2535,SUB-05648,SMB,new,13300.0,13300.0
2025-10-01,2536,SUB-05650,SMB,new,14000.0,14000.0
2025-06-01,2537,SUB-05652,SMB,new,11300.0,11300.0
2026-06-01,2537,SUB-05652,SMB,expansion,1880.89,13180.89
2025-11-01,2538,SUB-05656,SMB,new,15300.0,15300.0
2025-11-01,2540,SUB-05659,SMB,new,15500.0,15500.0
2026-05-01,2542,SUB-05662,Enterprise,new,138200.0,138200.0
2025-09-01,2551,SUB-05678,SMB,new,6500.0,6500.0
2026-06-01,2553,SUB-05680,Mid-Market,new,35600.0,35600.0
2025-06-01,2571,SUB-05714,Enterprise,new,119100.0,119100.0
2026-06-01,2571,SUB-05714,Enterprise,contraction,-24354.29,94745.71
2025-09-01,2574,SUB-05719,SMB,new,10600.0,10600.0
2024-10-01,2576,SUB-05724,Mid-Market,new,56700.0,56700.0
2025-10-01,2576,SUB-05725,Mid-Market,new,27500.0,27500.0
2025-08-01,2578,SUB-05728,SMB,new,7300.0,7300.0
2025-12-01,2583,SUB-05736,SMB,new,7900.0,7900.0
2025-08-01,2586,SUB-05741,SMB,new,10700.0,10700.0
2026-03-01,2591,SUB-05747,SMB,new,12300.0,12300.0
2026-01-01,2592,SUB-05748,SMB,new,12800.0,12800.0
2025-03-01,2593,SUB-05754,SMB,new,8700.0,8700.0
2026-03-01,2593,SUB-05754,SMB,expansion,1227.79,9927.79
2024-08-01,2595,SUB-05760,SMB,new,8500.0,8500.0
2025-08-01,2595,SUB-05760,SMB,contraction,-2196.96,6303.04
2025-11-01,2597,SUB-05764,SMB,new,14100.0,14100.0
2026-05-01,2599,SUB-05768,SMB,new,10800.0,10800.0
