account_id,segment,source_channel,signup_date,signup_month,is_activated,activation_date,days_to_value,is_pql,pql_date
4,Enterprise,affiliate,2025-11-13,2025-11-01,0,,,0,
9,SMB,display,2025-07-09,2025-07-01,0,,,0,
10,SMB,display,2025-12-31,2025-12-01,0,,,0,
12,Mid-Market,organic_search,2024-11-17,2024-11-01,1,2024-12-01,14.0,0,
25,Enterprise,affiliate,2024-10-19,2024-10-01,1,2024-10-22,3.0,0,
26,SMB,display,2024-09-16,2024-09-01,0,,,0,
28,SMB,organic_search,2026-05-31,2026-05-01,1,2026-06-09,9.0,0,
29,SMB,paid_social,2025-08-16,2025-08-01,1,2025-09-01,16.0,0,
31,SMB,paid_search,2026-06-17,2026-06-01,1,2026-06-28,11.0,0,
33,Enterprise,display,2025-06-20,2025-06-01,1,2025-06-28,8.0,0,
37,Enterprise,paid_social,2026-03-20,2026-03-01,1,2026-03-23,3.0,1,2026-04-21
39,Enterprise,email,2025-08-29,2025-08-01,1,2025-09-07,9.0,0,
44,SMB,direct,2026-05-26,2026-05-01,0,,,0,
45,SMB,paid_social,2025-05-24,2025-05-01,1,2025-06-01,8.0,1,2025-06-23
50,Mid-Market,display,2025-06-17,2025-06-01,0,,,0,
52,Mid-Market,paid_social,2026-02-23,2026-02-01,1,2026-02-26,3.0,0,
54,SMB,affiliate,2025-12-14,2025-12-01,0,,,0,
55,Mid-Market,email,2026-03-05,2026-03-01,0,,,0,
56,SMB,organic_search,2024-10-06,2024-10-01,0,,,0,
57,SMB,email,2026-03-26,2026-03-01,0,,,0,
59,SMB,affiliate,2025-12-02,2025-12-01,1,2025-12-11,9.0,0,
61,Mid-Market,paid_search,2026-05-06,2026-05-01,1,2026-05-10,4.0,1,2026-06-08
62,Mid-Market,paid_search,2026-02-27,2026-02-01,0,,,0,
66,SMB,affiliate,2024-12-19,2024-12-01,0,,,0,
67,SMB,email,2025-08-26,2025-08-01,0,,,0,
68,Mid-Market,organic_search,2024-11-02,2024-11-01,1,2024-11-09,7.0,0,
69,SMB,affiliate,2024-08-28,2024-08-01,1,2024-09-05,8.0,1,2024-09-22
75,Mid-Market,email,2026-03-01,2026-03-01,0,,,0,
76,SMB,email,2025-01-10,2025-01-01,1,2025-01-19,9.0,1,2025-02-10
78,Enterprise,email,2024-11-29,2024-11-01,1,2024-12-04,5.0,0,
87,Enterprise,email,2024-08-17,2024-08-01,1,2024-08-24,7.0,0,
88,SMB,direct,2025-09-12,2025-09-01,0,,,0,
92,Mid-Market,direct,2024-09-06,2024-09-01,1,2024-09-08,2.0,1,2024-09-26
94,SMB,organic_search,2025-07-24,2025-07-01,1,2025-07-27,3.0,0,
97,SMB,direct,2025-11-24,2025-11-01,0,,,0,
101,SMB,email,2025-01-20,2025-01-01,0,,,0,
102,SMB,paid_search,2025-10-30,2025-10-01,0,,,0,
103,SMB,display,2024-11-30,2024-11-01,1,2024-12-04,4.0,0,
108,Mid-Market,paid_search,2025-12-23,2025-12-01,1,2025-12-25,2.0,0,
109,SMB,direct,2025-05-11,2025-05-01,1,2025-05-23,12.0,0,
122,SMB,paid_search,2024-11-09,2024-11-01,1,2024-11-17,8.0,0,
123,SMB,affiliate,2025-05-13,2025-05-01,0,,,0,
125,SMB,paid_search,2025-06-18,2025-06-01,1,2025-06-28,10.0,0,
127,SMB,paid_social,2024-07-25,2024-07-01,1,2024-07-28,3.0,0,
128,SMB,paid_social,2025-06-08,2025-06-01,1,2025-06-13,5.0,0,
129,SMB,affiliate,2025-07-08,2025-07-01,1,2025-07-23,15.0,0,
134,SMB,display,2025-06-21,2025-06-01,0,,,0,
135,SMB,email,2025-09-11,2025-09-01,1,2025-09-18,7.0,0,
136,Enterprise,organic_search,2026-02-02,2026-02-01,1,2026-02-17,15.0,0,
138,SMB,email,2025-10-03,2025-10-01,0,,,0,
140,SMB,paid_social,2025-02-19,2025-02-01,1,2025-03-14,23.0,0,
144,Mid-Market,display,2026-04-24,2026-04-01,1,2026-04-27,3.0,0,
145,Mid-Market,email,2025-04-19,2025-04-01,1,2025-04-28,9.0,0,
150,Mid-Market,paid_search,2025-06-16,2025-06-01,1,2025-06-25,9.0,0,
152,Mid-Market,display,2024-12-26,2024-12-01,1,2024-12-27,1.0,1,2025-01-10
156,Mid-Market,paid_search,2025-03-24,2025-03-01,1,2025-04-03,10.0,0,
157,SMB,paid_search,2026-03-17,2026-03-01,1,2026-03-29,12.0,1,2026-04-05
160,SMB,email,2025-06-15,2025-06-01,0,,,0,
162,Mid-Market,paid_social,2026-06-15,2026-06-01,0,,,0,
166,SMB,display,2025-01-08,2025-01-01,1,2025-01-18,10.0,0,
169,Enterprise,direct,2024-09-11,2024-09-01,0,,,0,
170,Mid-Market,affiliate,2026-01-23,2026-01-01,1,2026-01-27,4.0,0,
171,SMB,direct,2025-11-15,2025-11-01,0,,,0,
173,SMB,display,2025-12-12,2025-12-01,0,,,0,
177,SMB,display,2025-12-29,2025-12-01,1,2026-01-02,4.0,0,
180,SMB,email,2025-02-12,2025-02-01,1,2025-02-20,8.0,0,
183,Mid-Market,direct,2026-04-03,2026-04-01,0,,,0,
185,Enterprise,paid_search,2025-03-22,2025-03-01,0,,,0,
191,Mid-Market,direct,2025-09-10,2025-09-01,0,,,0,
193,Mid-Market,paid_search,2024-10-26,2024-10-01,0,,,0,
194,SMB,paid_search,2025-11-24,2025-11-01,0,,,0,
196,Mid-Market,email,2026-01-11,2026-01-01,0,,,0,
201,Mid-Market,display,2026-06-14,2026-06-01,1,2026-06-23,9.0,0,
202,Mid-Market,direct,2024-11-03,2024-11-01,1,2024-11-14,11.0,0,
205,Mid-Market,affiliate,2025-10-28,2025-10-01,1,2025-11-01,4.0,0,
206,Enterprise,direct,2025-02-13,2025-02-01,1,2025-02-17,4.0,0,
207,SMB,affiliate,2026-03-31,2026-03-01,1,2026-04-07,7.0,1,2026-04-28
211,Enterprise,organic_search,2026-02-21,2026-02-01,1,2026-02-23,2.0,1,2026-03-20
217,Mid-Market,organic_search,2024-10-26,2024-10-01,0,,,0,
218,Mid-Market,display,2025-07-05,2025-07-01,1,2025-07-07,2.0,0,
219,Enterprise,paid_social,2026-06-04,2026-06-01,1,2026-06-06,2.0,0,
220,Mid-Market,affiliate,2024-07-16,2024-07-01,1,2024-07-28,12.0,0,
221,Mid-Market,organic_search,2025-12-04,2025-12-01,0,,,0,
223,Mid-Market,paid_search,2026-05-09,2026-05-01,1,2026-05-14,5.0,0,
227,SMB,display,2025-06-10,2025-06-01,1,2025-06-16,6.0,1,2025-06-28
228,SMB,paid_search,2026-01-27,2026-01-01,0,,,0,
230,Mid-Market,email,2025-12-12,2025-12-01,0,,,0,
232,SMB,email,2024-11-25,2024-11-01,1,2024-11-29,4.0,1,2024-12-03
234,Mid-Market,paid_search,2025-04-23,2025-04-01,1,2025-05-06,13.0,0,
238,Enterprise,paid_search,2026-01-12,2026-01-01,0,,,0,
240,SMB,organic_search,2025-04-17,2025-04-01,1,2025-04-22,5.0,0,
248,Mid-Market,organic_search,2025-08-26,2025-08-01,1,2025-08-31,5.0,0,
249,Mid-Market,organic_search,2025-03-13,2025-03-01,1,2025-03-15,2.0,0,
250,Enterprise,display,2025-03-24,2025-03-01,1,2025-03-25,1.0,1,2025-04-01
251,Mid-Market,direct,2025-05-29,2025-05-01,1,2025-06-08,10.0,0,
254,SMB,paid_social,2025-10-07,2025-10-01,0,,,0,
255,SMB,paid_search,2025-05-05,2025-05-01,1,2025-05-11,6.0,0,
256,SMB,affiliate,2026-05-29,2026-05-01,1,2026-06-03,5.0,0,
257,Mid-Market,paid_social,2026-01-04,2026-01-01,0,,,0,
260,Enterprise,direct,2025-04-28,2025-04-01,0,,,0,
263,Mid-Market,affiliate,2026-04-30,2026-04-01,0,,,0,
264,SMB,email,2026-04-15,2026-04-01,0,,,0,
267,SMB,paid_social,2024-11-20,2024-11-01,1,2024-11-25,5.0,0,
269,Mid-Market,organic_search,2024-12-31,2024-12-01,1,2025-01-03,3.0,0,
270,SMB,organic_search,2025-09-30,2025-09-01,0,,,0,
271,SMB,paid_search,2025-08-12,2025-08-01,0,,,0,
275,Mid-Market,email,2025-11-15,2025-11-01,1,2025-11-17,2.0,0,
277,Mid-Market,paid_search,2026-01-18,2026-01-01,0,,,0,
278,SMB,direct,2026-01-13,2026-01-01,0,,,0,
281,SMB,organic_search,2024-12-12,2024-12-01,1,2024-12-15,3.0,1,2024-12-21
283,SMB,paid_search,2024-09-01,2024-09-01,1,2024-09-05,4.0,1,2024-09-17
284,SMB,email,2025-12-26,2025-12-01,0,,,0,
290,SMB,email,2024-12-14,2024-12-01,0,,,0,
295,SMB,display,2026-04-12,2026-04-01,0,,,0,
296,Mid-Market,display,2026-04-30,2026-04-01,1,2026-05-08,8.0,0,
297,SMB,paid_search,2026-06-14,2026-06-01,0,,,0,
300,Mid-Market,affiliate,2025-10-05,2025-10-01,0,,,0,
306,SMB,paid_search,2024-09-25,2024-09-01,1,2024-10-11,16.0,0,
307,SMB,affiliate,2025-06-12,2025-06-01,1,2025-07-01,19.0,1,2025-07-08
309,SMB,email,2025-11-15,2025-11-01,0,,,0,
310,SMB,paid_social,2024-07-26,2024-07-01,1,2024-08-02,7.0,0,
314,Mid-Market,paid_social,2025-05-02,2025-05-01,1,2025-05-10,8.0,0,
316,Mid-Market,paid_social,2025-01-27,2025-01-01,1,2025-01-29,2.0,0,
318,SMB,email,2026-05-13,2026-05-01,1,2026-05-26,13.0,1,2026-05-30
322,SMB,email,2026-02-03,2026-02-01,1,2026-02-23,20.0,0,
329,Enterprise,email,2024-09-03,2024-09-01,0,,,0,
330,SMB,direct,2025-10-26,2025-10-01,1,2025-11-02,7.0,1,2025-11-10
332,SMB,paid_social,2025-11-07,2025-11-01,1,2025-11-13,6.0,0,
334,SMB,email,2025-02-03,2025-02-01,0,,,0,
337,SMB,paid_social,2024-09-01,2024-09-01,0,,,0,
342,Mid-Market,email,2024-07-04,2024-07-01,1,2024-07-07,3.0,1,2024-08-01
346,SMB,direct,2025-02-19,2025-02-01,0,,,0,
347,SMB,paid_social,2025-08-15,2025-08-01,1,2025-08-25,10.0,1,2025-09-17
349,Mid-Market,email,2025-06-06,2025-06-01,0,,,0,
350,SMB,paid_social,2024-07-26,2024-07-01,0,,,0,
354,SMB,paid_search,2025-01-09,2025-01-01,1,2025-01-13,4.0,0,
357,Enterprise,affiliate,2025-10-13,2025-10-01,1,2025-10-25,12.0,0,
364,Mid-Market,paid_search,2025-07-21,2025-07-01,0,,,0,
365,Enterprise,paid_social,2026-06-20,2026-06-01,1,2026-06-27,7.0,1,2026-07-01
366,SMB,display,2026-02-04,2026-02-01,0,,,0,
367,SMB,organic_search,2025-12-19,2025-12-01,0,,,0,
372,SMB,direct,2025-04-18,2025-04-01,0,,,0,
373,Mid-Market,organic_search,2025-08-09,2025-08-01,1,2025-08-25,16.0,0,
374,SMB,paid_search,2025-08-29,2025-08-01,0,,,0,
376,Mid-Market,affiliate,2024-07-24,2024-07-01,0,,,0,
377,SMB,paid_social,2024-12-17,2024-12-01,0,,,0,
381,Mid-Market,paid_social,2025-07-26,2025-07-01,1,2025-07-29,3.0,1,2025-08-18
382,SMB,organic_search,2025-05-17,2025-05-01,0,,,0,
384,Mid-Market,organic_search,2026-01-01,2026-01-01,1,2026-01-03,2.0,1,2026-01-14
386,Mid-Market,paid_social,2026-06-15,2026-06-01,1,2026-06-20,5.0,0,
387,SMB,paid_social,2025-09-17,2025-09-01,1,2025-09-24,7.0,0,
388,Mid-Market,affiliate,2025-03-27,2025-03-01,1,2025-03-29,2.0,0,
391,SMB,display,2026-03-03,2026-03-01,1,2026-03-09,6.0,0,
393,Mid-Market,organic_search,2025-07-10,2025-07-01,1,2025-07-31,21.0,0,
394,SMB,organic_search,2026-02-09,2026-02-01,1,2026-02-15,6.0,0,
395,Mid-Market,paid_search,2026-06-18,2026-06-01,0,,,0,
399,SMB,email,2026-06-04,2026-06-01,0,,,0,
400,SMB,organic_search,2026-04-12,2026-04-01,1,2026-04-24,12.0,1,2026-05-14
401,Enterprise,paid_search,2026-04-13,2026-04-01,1,2026-04-16,3.0,1,2026-05-04
403,SMB,affiliate,2026-06-17,2026-06-01,0,,,0,
404,Enterprise,paid_social,2025-05-22,2025-05-01,0,,,0,
405,Enterprise,paid_social,2026-02-17,2026-02-01,1,2026-02-26,9.0,0,
406,SMB,organic_search,2025-08-14,2025-08-01,0,,,0,
411,SMB,paid_social,2025-01-28,2025-01-01,0,,,0,
416,SMB,paid_search,2024-12-02,2024-12-01,0,,,0,
418,SMB,organic_search,2025-03-02,2025-03-01,1,2025-03-12,10.0,0,
423,Mid-Market,affiliate,2026-04-26,2026-04-01,1,2026-05-07,11.0,0,
427,Enterprise,affiliate,2024-08-11,2024-08-01,0,,,0,
429,Enterprise,paid_social,2025-08-29,2025-08-01,1,2025-09-01,3.0,0,
430,SMB,organic_search,2025-10-12,2025-10-01,0,,,0,
432,SMB,paid_social,2025-04-21,2025-04-01,0,,,0,
433,SMB,affiliate,2026-02-17,2026-02-01,0,,,0,
435,SMB,direct,2025-07-31,2025-07-01,1,2025-08-02,2.0,0,
436,SMB,paid_social,2026-01-12,2026-01-01,1,2026-01-14,2.0,0,
438,Mid-Market,direct,2025-03-05,2025-03-01,1,2025-03-10,5.0,1,2025-03-28
439,Mid-Market,direct,2025-07-06,2025-07-01,0,,,0,
443,SMB,paid_search,2025-11-01,2025-11-01,0,,,0,
449,Mid-Market,display,2026-06-16,2026-06-01,1,2026-06-22,6.0,0,
451,Mid-Market,paid_social,2025-07-12,2025-07-01,1,2025-07-16,4.0,0,
456,SMB,affiliate,2025-08-08,2025-08-01,1,2025-08-12,4.0,1,2025-08-25
457,SMB,paid_social,2025-02-11,2025-02-01,0,,,0,
459,SMB,email,2024-08-18,2024-08-01,1,2024-08-24,6.0,0,
460,Enterprise,paid_social,2024-07-01,2024-07-01,0,,,0,
462,Enterprise,affiliate,2025-12-01,2025-12-01,1,2025-12-07,6.0,0,
464,Enterprise,email,2025-01-31,2025-01-01,0,,,0,
466,Enterprise,email,2024-10-14,2024-10-01,0,,,0,
469,SMB,email,2026-04-16,2026-04-01,0,,,0,
472,Mid-Market,display,2025-10-13,2025-10-01,1,2025-10-21,8.0,1,2025-10-24
487,SMB,organic_search,2025-10-13,2025-10-01,1,2025-10-14,1.0,1,2025-10-18
488,Mid-Market,affiliate,2026-03-01,2026-03-01,1,2026-03-10,9.0,1,2026-04-07
490,SMB,affiliate,2026-02-25,2026-02-01,0,,,0,
495,Mid-Market,display,2026-05-12,2026-05-01,0,,,0,
497,Mid-Market,paid_search,2026-03-25,2026-03-01,0,,,0,
501,Enterprise,email,2025-09-21,2025-09-01,0,,,0,
503,Mid-Market,email,2025-06-29,2025-06-01,0,,,0,
505,SMB,paid_search,2025-05-07,2025-05-01,1,2025-06-06,30.0,0,
509,SMB,affiliate,2026-04-07,2026-04-01,0,,,0,
510,SMB,email,2025-04-03,2025-04-01,0,,,0,
511,Mid-Market,affiliate,2026-03-18,2026-03-01,0,,,0,
512,SMB,email,2024-07-14,2024-07-01,0,,,0,
513,Mid-Market,paid_social,2025-06-23,2025-06-01,1,2025-06-25,2.0,0,
516,SMB,display,2026-06-12,2026-06-01,1,2026-06-19,7.0,0,
518,SMB,paid_social,2026-03-28,2026-03-01,1,2026-04-06,9.0,0,
520,SMB,email,2026-02-08,2026-02-01,0,,,0,
521,Mid-Market,organic_search,2025-01-13,2025-01-01,1,2025-01-21,8.0,0,
532,SMB,affiliate,2025-05-29,2025-05-01,0,,,0,
535,SMB,direct,2025-05-08,2025-05-01,1,2025-05-18,10.0,1,2025-06-15
536,Mid-Market,affiliate,2025-05-18,2025-05-01,0,,,0,
537,SMB,affiliate,2026-05-26,2026-05-01,0,,,0,
538,Mid-Market,email,2026-02-21,2026-02-01,1,2026-02-25,4.0,0,
542,Mid-Market,organic_search,2026-03-24,2026-03-01,1,2026-03-31,7.0,1,2026-04-19
545,Mid-Market,paid_search,2026-03-27,2026-03-01,1,2026-03-31,4.0,0,
546,SMB,affiliate,2025-03-13,2025-03-01,0,,,0,
549,Mid-Market,affiliate,2025-03-19,2025-03-01,1,2025-03-27,8.0,1,2025-04-03
555,SMB,paid_social,2026-02-01,2026-02-01,1,2026-02-09,8.0,0,
556,Mid-Market,email,2026-05-05,2026-05-01,0,,,0,
557,SMB,paid_search,2026-03-31,2026-03-01,0,,,0,
558,SMB,email,2025-10-16,2025-10-01,0,,,0,
559,SMB,affiliate,2026-06-04,2026-06-01,0,,,0,
561,SMB,paid_social,2026-04-22,2026-04-01,0,,,0,
562,Enterprise,paid_social,2025-01-30,2025-01-01,0,,,0,
563,SMB,paid_search,2024-12-02,2024-12-01,0,,,0,
565,SMB,organic_search,2024-07-10,2024-07-01,1,2024-07-11,1.0,1,2024-08-05
567,SMB,affiliate,2025-12-07,2025-12-01,1,2025-12-10,3.0,0,
568,SMB,paid_social,2024-12-06,2024-12-01,0,,,0,
572,SMB,email,2025-10-20,2025-10-01,1,2025-10-30,10.0,0,
573,SMB,paid_search,2025-07-08,2025-07-01,0,,,0,
574,SMB,paid_social,2024-11-15,2024-11-01,0,,,0,
576,Enterprise,affiliate,2025-08-07,2025-08-01,1,2025-08-24,17.0,0,
580,SMB,direct,2024-10-20,2024-10-01,1,2024-10-29,9.0,0,
582,SMB,direct,2026-04-21,2026-04-01,1,2026-04-30,9.0,1,2026-05-28
583,Enterprise,email,2024-12-16,2024-12-01,1,2024-12-27,11.0,0,
584,Mid-Market,paid_search,2026-02-06,2026-02-01,0,,,0,
586,Enterprise,paid_social,2026-01-31,2026-01-01,1,2026-02-05,5.0,1,2026-03-06
588,SMB,email,2024-12-24,2024-12-01,1,2024-12-30,6.0,1,2025-01-11
592,Mid-Market,email,2025-01-24,2025-01-01,0,,,0,
595,SMB,paid_social,2026-04-06,2026-04-01,0,,,0,
598,Mid-Market,affiliate,2026-03-23,2026-03-01,0,,,0,
606,Mid-Market,paid_social,2025-07-02,2025-07-01,1,2025-07-08,6.0,0,
607,Mid-Market,affiliate,2026-06-04,2026-06-01,1,2026-06-13,9.0,1,2026-07-08
608,Enterprise,display,2025-11-30,2025-11-01,0,,,0,
609,SMB,organic_search,2026-02-08,2026-02-01,1,2026-02-10,2.0,1,2026-02-20
610,SMB,paid_search,2025-12-14,2025-12-01,1,2025-12-21,7.0,1,2026-01-08
612,SMB,organic_search,2025-07-07,2025-07-01,0,,,0,
614,SMB,paid_social,2025-05-05,2025-05-01,1,2025-05-10,5.0,1,2025-05-23
615,SMB,affiliate,2026-02-22,2026-02-01,0,,,0,
622,SMB,affiliate,2025-05-25,2025-05-01,0,,,0,
623,Mid-Market,paid_search,2024-10-07,2024-10-01,0,,,0,
625,SMB,direct,2025-12-09,2025-12-01,1,2025-12-15,6.0,0,
627,SMB,display,2025-05-11,2025-05-01,1,2025-05-14,3.0,0,
629,SMB,display,2025-09-04,2025-09-01,1,2025-09-08,4.0,0,
633,SMB,display,2024-09-17,2024-09-01,1,2024-09-20,3.0,0,
634,SMB,direct,2025-06-20,2025-06-01,1,2025-06-28,8.0,1,2025-07-04
635,SMB,paid_search,2026-06-16,2026-06-01,0,,,0,
638,SMB,paid_search,2024-10-01,2024-10-01,0,,,0,
639,Enterprise,affiliate,2026-03-21,2026-03-01,1,2026-03-24,3.0,0,
641,SMB,direct,2025-11-06,2025-11-01,1,2025-11-11,5.0,1,2025-11-14
652,SMB,paid_social,2026-02-26,2026-02-01,0,,,0,
655,SMB,display,2026-01-14,2026-01-01,0,,,0,
656,SMB,paid_search,2024-12-08,2024-12-01,1,2024-12-10,2.0,1,2025-01-02
658,SMB,display,2026-01-25,2026-01-01,1,2026-01-31,6.0,0,
659,SMB,display,2026-05-09,2026-05-01,1,2026-05-11,2.0,1,2026-05-23
661,Mid-Market,direct,2026-04-23,2026-04-01,0,,,0,
662,Mid-Market,organic_search,2025-03-30,2025-03-01,1,2025-04-04,5.0,0,
667,Mid-Market,email,2025-11-04,2025-11-01,0,,,0,
668,Mid-Market,paid_search,2026-02-11,2026-02-01,0,,,0,
670,Mid-Market,display,2024-09-29,2024-09-01,0,,,0,
671,Mid-Market,paid_social,2025-05-27,2025-05-01,0,,,0,
674,SMB,affiliate,2024-12-12,2024-12-01,1,2024-12-23,11.0,0,
675,Mid-Market,organic_search,2025-12-31,2025-12-01,1,2026-01-09,9.0,0,
676,SMB,affiliate,2025-08-20,2025-08-01,1,2025-08-25,5.0,0,
678,Enterprise,display,2026-05-07,2026-05-01,1,2026-05-15,8.0,0,
683,SMB,paid_search,2025-11-08,2025-11-01,1,2025-11-14,6.0,1,2025-11-19
684,Mid-Market,paid_social,2026-04-10,2026-04-01,1,2026-04-12,2.0,0,
685,SMB,affiliate,2025-05-29,2025-05-01,0,,,0,
689,Mid-Market,paid_social,2025-02-13,2025-02-01,1,2025-02-20,7.0,0,
690,SMB,affiliate,2025-03-20,2025-03-01,0,,,0,
691,Mid-Market,paid_search,2026-03-28,2026-03-01,1,2026-04-12,15.0,0,
692,Mid-Market,paid_social,2025-02-12,2025-02-01,1,2025-02-17,5.0,1,2025-02-26
693,Enterprise,email,2024-11-15,2024-11-01,0,,,0,
695,SMB,affiliate,2024-08-23,2024-08-01,0,,,0,
696,Mid-Market,organic_search,2026-02-24,2026-02-01,1,2026-02-28,4.0,0,
699,Mid-Market,email,2026-04-05,2026-04-01,0,,,0,
702,SMB,direct,2025-06-15,2025-06-01,1,2025-06-17,2.0,0,
708,Mid-Market,paid_social,2025-02-01,2025-02-01,1,2025-02-08,7.0,0,
712,Mid-Market,paid_social,2026-04-07,2026-04-01,1,2026-04-13,6.0,1,2026-04-19
713,SMB,paid_search,2025-08-13,2025-08-01,0,,,0,
714,SMB,email,2026-03-29,2026-03-01,0,,,0,
716,SMB,organic_search,2026-04-21,2026-04-01,1,2026-04-24,3.0,0,
721,SMB,direct,2025-07-30,2025-07-01,0,,,0,
725,Mid-Market,paid_social,2026-01-08,2026-01-01,1,2026-01-12,4.0,0,
726,SMB,email,2025-04-20,2025-04-01,0,,,0,
728,SMB,affiliate,2025-01-28,2025-01-01,1,2025-02-01,4.0,0,
730,Mid-Market,paid_search,2024-10-09,2024-10-01,0,,,0,
731,Mid-Market,organic_search,2025-03-22,2025-03-01,1,2025-04-08,17.0,0,
733,SMB,affiliate,2025-09-28,2025-09-01,0,,,0,
736,SMB,paid_search,2026-05-19,2026-05-01,0,,,0,
740,SMB,display,2025-05-02,2025-05-01,0,,,0,
741,Mid-Market,email,2025-09-21,2025-09-01,1,2025-09-23,2.0,1,2025-10-12
743,Mid-Market,affiliate,2025-09-12,2025-09-01,1,2025-09-24,12.0,0,
745,SMB,affiliate,2026-03-18,2026-03-01,1,2026-03-19,1.0,0,
746,Mid-Market,email,2024-08-27,2024-08-01,0,,,0,
748,Mid-Market,organic_search,2026-02-03,2026-02-01,1,2026-02-15,12.0,0,
749,Enterprise,paid_social,2026-03-04,2026-03-01,0,,,0,
751,Mid-Market,email,2025-10-19,2025-10-01,1,2025-10-25,6.0,0,
752,SMB,affiliate,2026-02-06,2026-02-01,0,,,0,
754,SMB,email,2025-06-09,2025-06-01,0,,,0,
755,Enterprise,affiliate,2026-03-02,2026-03-01,1,2026-03-11,9.0,0,
756,SMB,affiliate,2026-03-10,2026-03-01,0,,,0,
757,Enterprise,organic_search,2026-04-23,2026-04-01,1,2026-05-04,11.0,0,
762,Mid-Market,display,2025-09-23,2025-09-01,0,,,0,
764,Mid-Market,paid_social,2025-09-29,2025-09-01,1,2025-10-06,7.0,0,
765,SMB,email,2025-01-05,2025-01-01,1,2025-01-21,16.0,0,
766,Mid-Market,paid_search,2026-04-18,2026-04-01,1,2026-04-29,11.0,1,2026-05-26
771,SMB,paid_search,2025-06-16,2025-06-01,1,2025-06-23,7.0,0,
773,SMB,paid_search,2025-12-24,2025-12-01,1,2026-01-04,11.0,0,
775,SMB,paid_search,2025-10-26,2025-10-01,0,,,0,
777,SMB,organic_search,2025-04-15,2025-04-01,0,,,0,
778,Mid-Market,paid_search,2025-02-13,2025-02-01,0,,,0,
782,SMB,organic_search,2025-01-10,2025-01-01,1,2025-01-23,13.0,0,
786,SMB,email,2026-04-16,2026-04-01,1,2026-05-03,17.0,0,
787,SMB,direct,2025-02-25,2025-02-01,1,2025-03-02,5.0,1,2025-03-13
789,SMB,paid_social,2025-01-12,2025-01-01,1,2025-01-23,11.0,0,
790,SMB,email,2026-01-15,2026-01-01,0,,,0,
793,SMB,email,2025-08-11,2025-08-01,0,,,0,
796,Enterprise,display,2024-12-27,2024-12-01,1,2024-12-30,3.0,0,
797,SMB,display,2026-05-22,2026-05-01,1,2026-05-28,6.0,0,
802,Mid-Market,organic_search,2025-10-17,2025-10-01,1,2025-10-24,7.0,1,2025-11-12
806,SMB,paid_social,2026-03-12,2026-03-01,0,,,0,
810,SMB,affiliate,2025-08-31,2025-08-01,0,,,0,
813,SMB,display,2025-07-27,2025-07-01,1,2025-08-01,5.0,0,
817,Mid-Market,direct,2025-11-11,2025-11-01,0,,,0,
818,Enterprise,paid_social,2026-03-26,2026-03-01,1,2026-03-27,1.0,0,
820,SMB,email,2026-02-11,2026-02-01,1,2026-02-18,7.0,0,
823,SMB,organic_search,2025-12-08,2025-12-01,1,2025-12-17,9.0,0,
824,SMB,paid_social,2025-04-24,2025-04-01,1,2025-04-28,4.0,1,2025-05-11
826,Mid-Market,direct,2025-09-22,2025-09-01,0,,,0,
830,Enterprise,organic_search,2025-02-15,2025-02-01,0,,,0,
833,SMB,organic_search,2026-02-09,2026-02-01,0,,,0,
834,SMB,paid_social,2024-11-28,2024-11-01,1,2024-11-30,2.0,0,
838,SMB,direct,2026-05-27,2026-05-01,0,,,0,
843,SMB,paid_search,2024-12-25,2024-12-01,1,2025-01-17,23.0,0,
845,Mid-Market,affiliate,2025-01-04,2025-01-01,0,,,0,
847,SMB,organic_search,2025-08-15,2025-08-01,1,2025-08-19,4.0,1,2025-09-06
848,Enterprise,direct,2025-09-17,2025-09-01,0,,,0,
851,SMB,paid_search,2026-06-12,2026-06-01,0,,,0,
852,SMB,direct,2025-03-19,2025-03-01,1,2025-03-20,1.0,1,2025-03-25
853,Mid-Market,direct,2025-06-04,2025-06-01,1,2025-06-30,26.0,1,2025-07-25
854,Mid-Market,paid_social,2026-02-17,2026-02-01,1,2026-02-20,3.0,0,
855,Mid-Market,display,2025-07-27,2025-07-01,1,2025-08-02,6.0,1,2025-08-17
857,Mid-Market,direct,2026-04-18,2026-04-01,1,2026-05-04,16.0,0,
858,Mid-Market,organic_search,2026-05-19,2026-05-01,0,,,0,
859,Enterprise,email,2024-12-04,2024-12-01,0,,,0,
861,SMB,display,2025-07-03,2025-07-01,1,2025-07-07,4.0,1,2025-07-11
863,SMB,email,2024-08-10,2024-08-01,1,2024-08-15,5.0,1,2024-09-07
871,SMB,organic_search,2024-07-05,2024-07-01,1,2024-07-08,3.0,1,2024-08-04
882,SMB,email,2025-08-30,2025-08-01,0,,,0,
884,SMB,display,2025-11-24,2025-11-01,1,2025-11-27,3.0,0,
886,SMB,organic_search,2025-09-06,2025-09-01,1,2025-09-12,6.0,1,2025-10-01
887,SMB,paid_social,2024-09-06,2024-09-01,1,2024-09-08,2.0,0,
895,SMB,affiliate,2026-01-14,2026-01-01,0,,,0,
897,SMB,paid_social,2026-03-08,2026-03-01,1,2026-03-14,6.0,1,2026-03-28
905,SMB,paid_search,2026-03-14,2026-03-01,0,,,0,
911,SMB,affiliate,2024-11-04,2024-11-01,0,,,0,
913,SMB,affiliate,2025-07-14,2025-07-01,0,,,0,
915,Mid-Market,display,2024-09-01,2024-09-01,0,,,0,
917,Enterprise,affiliate,2024-09-26,2024-09-01,1,2024-10-01,5.0,0,
919,SMB,email,2025-03-28,2025-03-01,1,2025-04-05,8.0,1,2025-05-01
921,SMB,affiliate,2025-03-12,2025-03-01,1,2025-03-27,15.0,0,
922,Mid-Market,paid_social,2025-03-03,2025-03-01,1,2025-03-08,5.0,0,
924,SMB,organic_search,2024-09-09,2024-09-01,1,2024-09-13,4.0,0,
928,SMB,affiliate,2026-04-08,2026-04-01,1,2026-04-12,4.0,0,
930,SMB,organic_search,2025-09-24,2025-09-01,1,2025-09-29,5.0,0,
932,SMB,organic_search,2025-02-15,2025-02-01,0,,,0,
933,Mid-Market,display,2025-01-15,2025-01-01,1,2025-01-31,16.0,0,
936,SMB,affiliate,2024-08-15,2024-08-01,0,,,0,
939,SMB,paid_social,2025-05-15,2025-05-01,0,,,0,
941,SMB,direct,2025-01-24,2025-01-01,0,,,0,
943,Mid-Market,direct,2024-11-05,2024-11-01,1,2024-11-18,13.0,0,
944,SMB,email,2026-05-21,2026-05-01,1,2026-05-25,4.0,0,
947,SMB,email,2025-07-04,2025-07-01,1,2025-07-19,15.0,1,2025-08-03
948,SMB,affiliate,2025-10-20,2025-10-01,1,2025-10-22,2.0,1,2025-10-25
949,SMB,paid_search,2025-08-10,2025-08-01,0,,,0,
950,SMB,direct,2025-08-03,2025-08-01,1,2025-08-05,2.0,0,
953,SMB,affiliate,2026-06-20,2026-06-01,1,2026-06-23,3.0,0,
954,Mid-Market,direct,2026-02-20,2026-02-01,0,,,0,
955,Mid-Market,paid_search,2025-07-17,2025-07-01,1,2025-07-26,9.0,0,
957,SMB,email,2025-06-30,2025-06-01,0,,,0,
958,Mid-Market,paid_search,2026-03-21,2026-03-01,0,,,0,
960,SMB,direct,2025-01-10,2025-01-01,1,2025-01-17,7.0,0,
961,SMB,paid_social,2026-01-10,2026-01-01,1,2026-01-24,14.0,0,
968,SMB,direct,2025-11-08,2025-11-01,1,2025-11-14,6.0,1,2025-11-24
971,Enterprise,paid_search,2025-07-27,2025-07-01,0,,,0,
973,SMB,affiliate,2026-04-13,2026-04-01,1,2026-04-14,1.0,1,2026-04-29
974,SMB,paid_social,2025-02-11,2025-02-01,1,2025-02-15,4.0,0,
975,Mid-Market,paid_social,2025-07-26,2025-07-01,1,2025-08-02,7.0,0,
978,Mid-Market,organic_search,2025-12-22,2025-12-01,1,2026-01-04,13.0,0,
980,SMB,organic_search,2025-06-07,2025-06-01,1,2025-06-17,10.0,0,
982,Enterprise,display,2026-04-11,2026-04-01,0,,,0,
986,Mid-Market,paid_social,2026-03-11,2026-03-01,1,2026-03-15,4.0,1,2026-03-23
991,SMB,affiliate,2026-01-15,2026-01-01,1,2026-01-20,5.0,0,
992,Mid-Market,display,2026-06-08,2026-06-01,0,,,0,
994,SMB,direct,2025-10-31,2025-10-01,1,2025-11-09,9.0,0,
996,SMB,organic_search,2026-05-22,2026-05-01,1,2026-05-24,2.0,0,
1000,SMB,display,2026-01-08,2026-01-01,0,,,0,
1003,Mid-Market,paid_search,2025-10-16,2025-10-01,0,,,0,
1005,SMB,paid_social,2026-03-11,2026-03-01,1,2026-03-17,6.0,1,2026-03-26
1006,SMB,direct,2026-06-12,2026-06-01,1,2026-06-16,4.0,0,
1014,Mid-Market,paid_search,2024-08-02,2024-08-01,1,2024-08-06,4.0,0,
1018,SMB,organic_search,2025-03-07,2025-03-01,0,,,0,
1020,SMB,organic_search,2025-12-25,2025-12-01,1,2025-12-29,4.0,0,
1024,Mid-Market,affiliate,2026-02-27,2026-02-01,1,2026-03-05,6.0,0,
1025,SMB,affiliate,2024-09-07,2024-09-01,0,,,0,
1026,SMB,display,2024-07-03,2024-07-01,0,,,0,
1028,Mid-Market,email,2025-12-03,2025-12-01,0,,,0,
1029,Mid-Market,email,2024-07-21,2024-07-01,1,2024-07-26,5.0,1,2024-08-15
1030,SMB,paid_social,2025-03-06,2025-03-01,0,,,0,
1032,SMB,paid_search,2026-05-05,2026-05-01,1,2026-05-09,4.0,0,
1035,SMB,display,2024-10-28,2024-10-01,0,,,0,
1036,Mid-Market,organic_search,2026-02-26,2026-02-01,0,,,0,
1038,SMB,paid_social,2025-01-08,2025-01-01,1,2025-01-12,4.0,1,2025-01-31
1041,SMB,affiliate,2024-08-21,2024-08-01,1,2024-08-28,7.0,1,2024-09-22
1043,Enterprise,direct,2025-11-19,2025-11-01,1,2025-11-23,4.0,0,
1044,Enterprise,email,2024-09-16,2024-09-01,0,,,0,
1045,Enterprise,direct,2024-09-26,2024-09-01,1,2024-10-02,6.0,0,
1047,Mid-Market,display,2024-08-19,2024-08-01,0,,,0,
1048,SMB,organic_search,2025-08-08,2025-08-01,0,,,0,
1049,Mid-Market,email,2025-05-05,2025-05-01,0,,,0,
1050,SMB,organic_search,2025-04-22,2025-04-01,1,2025-05-07,15.0,0,
1056,Mid-Market,affiliate,2026-01-14,2026-01-01,1,2026-01-20,6.0,1,2026-02-10
1063,Enterprise,paid_search,2026-06-05,2026-06-01,1,2026-06-17,12.0,0,
1064,SMB,affiliate,2025-03-23,2025-03-01,1,2025-04-14,22.0,0,
1068,SMB,direct,2026-03-05,2026-03-01,1,2026-03-07,2.0,0,
1069,SMB,paid_social,2025-07-14,2025-07-01,1,2025-07-16,2.0,0,
1071,SMB,organic_search,2026-05-16,2026-05-01,0,,,0,
1075,Enterprise,paid_search,2026-04-21,2026-04-01,1,2026-04-26,5.0,0,
1076,SMB,organic_search,2025-12-09,2025-12-01,0,,,0,
1077,SMB,email,2024-09-07,2024-09-01,0,,,0,
1078,Enterprise,affiliate,2025-06-04,2025-06-01,1,2025-06-08,4.0,0,
1081,SMB,display,2025-09-12,2025-09-01,1,2025-09-15,3.0,0,
1082,SMB,direct,2025-12-14,2025-12-01,1,2025-12-17,3.0,1,2025-12-22
1083,Mid-Market,affiliate,2024-10-13,2024-10-01,0,,,0,
1085,Mid-Market,paid_search,2026-05-30,2026-05-01,1,2026-06-08,9.0,1,2026-07-01
1086,Enterprise,affiliate,2024-11-26,2024-11-01,0,,,0,
1087,Mid-Market,affiliate,2026-06-20,2026-06-01,0,,,0,
1088,SMB,affiliate,2025-03-29,2025-03-01,1,2025-04-06,8.0,1,2025-04-15
1089,Mid-Market,paid_social,2026-04-13,2026-04-01,0,,,0,
1091,Enterprise,email,2025-02-10,2025-02-01,1,2025-02-20,10.0,0,
1094,SMB,organic_search,2025-09-18,2025-09-01,1,2025-09-20,2.0,1,2025-10-04
1096,Mid-Market,paid_search,2024-07-16,2024-07-01,1,2024-07-27,11.0,1,2024-08-16
1098,SMB,email,2025-11-20,2025-11-01,1,2025-11-25,5.0,0,
1099,SMB,email,2026-02-10,2026-02-01,1,2026-02-15,5.0,0,
1101,Enterprise,affiliate,2026-06-02,2026-06-01,0,,,0,
1102,Enterprise,direct,2026-05-14,2026-05-01,1,2026-05-28,14.0,0,
1103,Mid-Market,display,2024-08-03,2024-08-01,1,2024-08-08,5.0,0,
1104,SMB,organic_search,2026-03-28,2026-03-01,0,,,0,
1105,Mid-Market,email,2026-01-07,2026-01-01,0,,,0,
1111,Mid-Market,organic_search,2026-04-27,2026-04-01,0,,,0,
1113,SMB,organic_search,2025-06-14,2025-06-01,1,2025-06-17,3.0,0,
1115,SMB,display,2025-10-18,2025-10-01,0,,,0,
1116,Mid-Market,email,2025-11-04,2025-11-01,0,,,0,
1118,Mid-Market,email,2026-04-19,2026-04-01,1,2026-04-20,1.0,0,
1119,Mid-Market,paid_social,2026-03-27,2026-03-01,0,,,0,
1123,Mid-Market,affiliate,2026-04-26,2026-04-01,0,,,0,
1129,SMB,affiliate,2026-06-19,2026-06-01,1,2026-06-27,8.0,1,2026-07-15
1131,SMB,email,2024-11-03,2024-11-01,0,,,0,
1133,Mid-Market,email,2026-04-21,2026-04-01,0,,,0,
1134,SMB,affiliate,2025-04-13,2025-04-01,1,2025-04-16,3.0,0,
1142,SMB,affiliate,2024-12-15,2024-12-01,1,2024-12-24,9.0,1,2025-01-07
1143,SMB,direct,2026-06-02,2026-06-01,0,,,0,
1144,SMB,organic_search,2024-08-29,2024-08-01,0,,,0,
1148,SMB,direct,2024-12-04,2024-12-01,0,,,0,
1151,Mid-Market,paid_search,2024-11-22,2024-11-01,1,2024-11-30,8.0,0,
1152,SMB,organic_search,2025-01-22,2025-01-01,1,2025-01-31,9.0,0,
1153,Enterprise,direct,2025-02-07,2025-02-01,1,2025-02-16,9.0,0,
1157,SMB,email,2026-02-21,2026-02-01,0,,,0,
1159,SMB,direct,2024-10-19,2024-10-01,0,,,0,
1163,Mid-Market,direct,2024-09-26,2024-09-01,1,2024-10-05,9.0,1,2024-10-16
1165,SMB,paid_search,2024-07-16,2024-07-01,1,2024-07-17,1.0,0,
1167,Mid-Market,display,2026-05-30,2026-05-01,1,2026-06-06,7.0,0,
1169,Mid-Market,display,2025-12-13,2025-12-01,1,2025-12-21,8.0,1,2025-12-30
1170,Mid-Market,display,2025-09-13,2025-09-01,0,,,0,
1171,SMB,organic_search,2025-10-29,2025-10-01,1,2025-10-30,1.0,0,
1172,Enterprise,paid_social,2026-01-29,2026-01-01,0,,,0,
1173,Enterprise,paid_social,2025-11-11,2025-11-01,0,,,0,
1174,Enterprise,affiliate,2026-05-15,2026-05-01,0,,,0,
1176,SMB,direct,2026-01-22,2026-01-01,1,2026-01-27,5.0,0,
1178,SMB,email,2025-10-08,2025-10-01,1,2025-10-18,10.0,0,
1180,Enterprise,paid_social,2025-08-15,2025-08-01,0,,,0,
1182,SMB,organic_search,2025-07-03,2025-07-01,1,2025-07-12,9.0,1,2025-07-16
1183,SMB,organic_search,2026-04-30,2026-04-01,0,,,0,
1185,Mid-Market,affiliate,2024-10-19,2024-10-01,0,,,0,
1192,Mid-Market,paid_social,2024-11-20,2024-11-01,0,,,0,
1196,SMB,direct,2025-04-20,2025-04-01,1,2025-04-25,5.0,0,
1202,Mid-Market,direct,2025-11-08,2025-11-01,1,2025-11-14,6.0,0,
1209,Mid-Market,affiliate,2026-02-25,2026-02-01,1,2026-03-16,19.0,0,
1210,SMB,paid_social,2025-10-08,2025-10-01,1,2025-10-21,13.0,0,
1211,SMB,direct,2025-03-09,2025-03-01,0,,,0,
1216,SMB,direct,2025-06-08,2025-06-01,0,,,0,
1217,Enterprise,affiliate,2026-03-03,2026-03-01,0,,,0,
1218,SMB,display,2025-09-17,2025-09-01,1,2025-09-29,12.0,0,
1221,SMB,email,2026-05-14,2026-05-01,1,2026-05-17,3.0,0,
1224,SMB,paid_social,2025-11-13,2025-11-01,0,,,0,
1229,Enterprise,paid_social,2025-03-03,2025-03-01,1,2025-03-09,6.0,0,
1232,Mid-Market,email,2026-01-09,2026-01-01,0,,,0,
1236,SMB,email,2024-10-25,2024-10-01,1,2024-11-03,9.0,0,
1238,Enterprise,organic_search,2025-07-10,2025-07-01,1,2025-07-20,10.0,1,2025-08-12
1241,SMB,paid_search,2024-07-17,2024-07-01,0,,,0,
1242,Mid-Market,display,2025-04-27,2025-04-01,1,2025-05-06,9.0,0,
1243,SMB,paid_search,2026-05-11,2026-05-01,0,,,0,
1245,SMB,paid_social,2025-10-01,2025-10-01,1,2025-10-09,8.0,0,
1246,SMB,email,2025-08-23,2025-08-01,1,2025-08-29,6.0,0,
1248,SMB,paid_search,2026-04-10,2026-04-01,0,,,0,
1254,SMB,direct,2024-09-15,2024-09-01,0,,,0,
1255,SMB,direct,2026-05-03,2026-05-01,0,,,0,
1257,SMB,affiliate,2025-10-09,2025-10-01,0,,,0,
1260,Mid-Market,direct,2024-07-23,2024-07-01,1,2024-07-28,5.0,0,
1261,Enterprise,paid_search,2025-12-24,2025-12-01,0,,,0,
1262,Mid-Market,affiliate,2024-08-18,2024-08-01,1,2024-08-22,4.0,1,2024-09-07
1263,SMB,paid_search,2024-09-06,2024-09-01,1,2024-09-21,15.0,0,
1272,SMB,email,2025-04-26,2025-04-01,1,2025-04-28,2.0,0,
1273,SMB,affiliate,2024-10-16,2024-10-01,0,,,0,
1275,SMB,paid_search,2025-03-06,2025-03-01,1,2025-03-16,10.0,0,
1277,Mid-Market,organic_search,2024-12-12,2024-12-01,0,,,0,
1281,SMB,affiliate,2024-12-08,2024-12-01,1,2024-12-15,7.0,0,
1283,SMB,display,2025-12-21,2025-12-01,1,2025-12-30,9.0,0,
1288,Enterprise,organic_search,2024-11-06,2024-11-01,1,2024-11-16,10.0,0,
1289,SMB,paid_social,2025-02-27,2025-02-01,0,,,0,
1291,Enterprise,email,2025-01-09,2025-01-01,1,2025-01-15,6.0,0,
1294,Mid-Market,email,2024-08-19,2024-08-01,1,2024-08-31,12.0,0,
1298,Enterprise,affiliate,2026-01-30,2026-01-01,0,,,0,
1300,SMB,email,2025-12-28,2025-12-01,1,2026-01-11,14.0,0,
1302,Mid-Market,affiliate,2025-09-08,2025-09-01,1,2025-09-13,5.0,1,2025-10-01
1305,SMB,paid_social,2025-11-28,2025-11-01,1,2025-12-12,14.0,0,
1309,Mid-Market,affiliate,2024-10-13,2024-10-01,1,2024-10-18,5.0,1,2024-11-09
1314,Mid-Market,paid_social,2026-04-19,2026-04-01,1,2026-04-21,2.0,0,
1315,SMB,organic_search,2024-12-22,2024-12-01,1,2025-01-02,11.0,0,
1316,Mid-Market,direct,2025-06-15,2025-06-01,0,,,0,
1318,SMB,direct,2024-10-28,2024-10-01,1,2024-11-03,6.0,0,
1319,Mid-Market,paid_social,2024-08-27,2024-08-01,0,,,0,
1320,SMB,direct,2025-08-01,2025-08-01,0,,,0,
1321,SMB,paid_social,2026-03-17,2026-03-01,1,2026-03-25,8.0,0,
1325,Mid-Market,organic_search,2025-07-10,2025-07-01,0,,,0,
1326,SMB,direct,2025-01-30,2025-01-01,1,2025-02-10,11.0,0,
1327,SMB,organic_search,2025-09-07,2025-09-01,1,2025-09-11,4.0,0,
1328,SMB,display,2025-08-05,2025-08-01,0,,,0,
1329,SMB,email,2025-05-20,2025-05-01,0,,,0,
1330,SMB,paid_social,2025-03-21,2025-03-01,0,,,0,
1333,Mid-Market,paid_search,2026-05-11,2026-05-01,1,2026-05-21,10.0,1,2026-06-08
1334,SMB,email,2026-01-13,2026-01-01,1,2026-01-20,7.0,0,
1335,SMB,organic_search,2026-04-18,2026-04-01,0,,,0,
1337,SMB,display,2026-03-09,2026-03-01,1,2026-03-13,4.0,1,2026-03-26
1342,SMB,paid_social,2024-07-09,2024-07-01,0,,,0,
1343,SMB,paid_social,2025-04-19,2025-04-01,1,2025-04-23,4.0,0,
1345,Mid-Market,organic_search,2024-10-09,2024-10-01,0,,,0,
1353,SMB,organic_search,2025-04-13,2025-04-01,1,2025-04-20,7.0,0,
1358,Enterprise,display,2024-07-27,2024-07-01,1,2024-08-08,12.0,0,
1360,SMB,organic_search,2025-09-13,2025-09-01,1,2025-09-25,12.0,0,
1362,SMB,display,2026-06-14,2026-06-01,0,,,0,
1365,SMB,affiliate,2026-03-31,2026-03-01,1,2026-04-05,5.0,0,
1370,Enterprise,affiliate,2025-05-17,2025-05-01,1,2025-05-25,8.0,1,2025-06-23
1376,SMB,direct,2025-11-23,2025-11-01,1,2025-11-25,2.0,0,
1382,Mid-Market,affiliate,2025-03-09,2025-03-01,1,2025-03-13,4.0,1,2025-04-07
1383,Mid-Market,paid_social,2026-01-27,2026-01-01,0,,,0,
1384,Mid-Market,paid_social,2025-12-25,2025-12-01,1,2025-12-28,3.0,1,2026-01-11
1386,Mid-Market,display,2024-11-28,2024-11-01,0,,,0,
1390,Mid-Market,direct,2025-02-10,2025-02-01,1,2025-02-15,5.0,1,2025-02-27
1398,Enterprise,paid_social,2026-05-31,2026-05-01,0,,,0,
1402,Enterprise,paid_social,2025-09-07,2025-09-01,1,2025-09-10,3.0,0,
1403,SMB,email,2025-12-13,2025-12-01,1,2025-12-21,8.0,0,
1405,Mid-Market,paid_search,2026-06-03,2026-06-01,0,,,0,
1406,SMB,direct,2026-04-16,2026-04-01,0,,,0,
1409,SMB,direct,2024-07-15,2024-07-01,1,2024-07-25,10.0,0,
1410,SMB,affiliate,2026-01-21,2026-01-01,0,,,0,
1411,SMB,display,2025-12-04,2025-12-01,1,2025-12-12,8.0,0,
1412,Enterprise,display,2025-04-26,2025-04-01,0,,,0,
1415,SMB,paid_social,2025-11-21,2025-11-01,1,2025-11-23,2.0,0,
1418,SMB,direct,2025-05-19,2025-05-01,0,,,0,
1421,SMB,display,2025-04-29,2025-04-01,1,2025-05-08,9.0,1,2025-05-20
1426,SMB,paid_social,2025-09-22,2025-09-01,1,2025-09-25,3.0,0,
1427,SMB,direct,2025-08-25,2025-08-01,1,2025-08-31,6.0,0,
1436,SMB,paid_social,2026-06-10,2026-06-01,0,,,0,
1437,Enterprise,paid_social,2025-02-04,2025-02-01,0,,,0,
1438,Mid-Market,organic_search,2026-02-10,2026-02-01,1,2026-02-13,3.0,1,2026-02-21
1441,SMB,affiliate,2026-04-01,2026-04-01,1,2026-04-09,8.0,1,2026-05-05
1443,SMB,email,2025-06-08,2025-06-01,1,2025-06-10,2.0,1,2025-07-03
1447,SMB,display,2025-02-02,2025-02-01,1,2025-02-05,3.0,0,
1448,Mid-Market,direct,2026-04-05,2026-04-01,0,,,0,
1451,SMB,direct,2025-07-07,2025-07-01,1,2025-07-13,6.0,1,2025-07-25
1456,Mid-Market,paid_search,2026-01-25,2026-01-01,1,2026-01-27,2.0,0,
1458,SMB,email,2025-08-31,2025-08-01,0,,,0,
1460,Mid-Market,organic_search,2026-06-04,2026-06-01,0,,,0,
1463,Mid-Market,organic_search,2025-06-10,2025-06-01,0,,,0,
1466,SMB,display,2025-01-01,2025-01-01,0,,,0,
1467,Mid-Market,organic_search,2025-08-09,2025-08-01,0,,,0,
1468,SMB,email,2025-03-08,2025-03-01,0,,,0,
1470,SMB,paid_social,2024-12-03,2024-12-01,0,,,0,
1474,SMB,organic_search,2025-09-22,2025-09-01,1,2025-09-25,3.0,0,
1475,Mid-Market,direct,2026-05-15,2026-05-01,0,,,0,
1476,Mid-Market,email,2025-02-12,2025-02-01,0,,,0,
1484,SMB,email,2025-04-23,2025-04-01,1,2025-05-01,8.0,0,
1485,SMB,direct,2025-04-19,2025-04-01,1,2025-04-24,5.0,0,
1488,Mid-Market,paid_search,2026-03-28,2026-03-01,0,,,0,
1490,Mid-Market,email,2026-01-28,2026-01-01,0,,,0,
1491,SMB,affiliate,2025-05-11,2025-05-01,1,2025-05-14,3.0,0,
1492,SMB,email,2026-04-16,2026-04-01,0,,,0,
1494,SMB,affiliate,2026-03-28,2026-03-01,0,,,0,
1498,SMB,display,2025-08-17,2025-08-01,0,,,0,
1499,Enterprise,direct,2026-05-03,2026-05-01,1,2026-05-10,7.0,1,2026-05-26
1500,Mid-Market,organic_search,2025-01-03,2025-01-01,0,,,0,
1501,Mid-Market,organic_search,2024-12-12,2024-12-01,1,2024-12-16,4.0,0,
1502,SMB,organic_search,2026-03-05,2026-03-01,1,2026-03-10,5.0,0,
1503,Mid-Market,paid_search,2025-07-12,2025-07-01,0,,,0,
1504,Mid-Market,paid_search,2025-10-23,2025-10-01,1,2025-10-30,7.0,0,
1506,SMB,email,2025-12-30,2025-12-01,1,2026-01-03,4.0,0,
1515,Mid-Market,affiliate,2025-10-19,2025-10-01,1,2025-10-28,9.0,0,
1519,Mid-Market,direct,2025-06-12,2025-06-01,1,2025-06-23,11.0,0,
1521,SMB,organic_search,2025-06-28,2025-06-01,1,2025-07-11,13.0,0,
1522,Mid-Market,display,2026-06-17,2026-06-01,1,2026-06-25,8.0,0,
1525,SMB,paid_search,2025-01-02,2025-01-01,1,2025-01-11,9.0,0,
1528,Enterprise,display,2025-09-27,2025-09-01,1,2025-10-08,11.0,0,
1529,SMB,email,2026-03-06,2026-03-01,1,2026-03-17,11.0,1,2026-03-27
1530,SMB,email,2025-10-24,2025-10-01,0,,,0,
1531,SMB,direct,2025-03-31,2025-03-01,1,2025-04-06,6.0,0,
1532,Enterprise,display,2026-05-03,2026-05-01,1,2026-05-13,10.0,0,
1534,Mid-Market,affiliate,2026-05-02,2026-05-01,0,,,0,
1535,Enterprise,paid_social,2025-06-17,2025-06-01,1,2025-07-01,14.0,1,2025-07-27
1538,Mid-Market,organic_search,2025-02-14,2025-02-01,0,,,0,
1539,Enterprise,paid_search,2025-06-30,2025-06-01,1,2025-07-12,12.0,1,2025-07-18
1541,SMB,organic_search,2025-12-27,2025-12-01,1,2025-12-30,3.0,0,
1542,SMB,paid_search,2025-03-01,2025-03-01,1,2025-03-10,9.0,0,
1545,SMB,organic_search,2024-08-11,2024-08-01,0,,,0,
1547,Mid-Market,paid_search,2025-12-10,2025-12-01,0,,,0,
1548,SMB,email,2026-05-11,2026-05-01,1,2026-05-26,15.0,1,2026-06-23
1552,SMB,paid_social,2026-02-07,2026-02-01,0,,,0,
1556,Enterprise,display,2026-01-02,2026-01-01,1,2026-01-06,4.0,1,2026-01-30
1557,Enterprise,display,2026-04-22,2026-04-01,0,,,0,
1558,Mid-Market,organic_search,2025-03-03,2025-03-01,1,2025-03-07,4.0,1,2025-03-18
1561,Mid-Market,paid_social,2026-03-08,2026-03-01,1,2026-03-10,2.0,0,
1566,SMB,direct,2025-07-29,2025-07-01,1,2025-08-07,9.0,0,
1568,SMB,paid_search,2024-12-13,2024-12-01,0,,,0,
1570,Mid-Market,affiliate,2025-06-11,2025-06-01,1,2025-06-13,2.0,0,
1573,SMB,organic_search,2025-06-29,2025-06-01,1,2025-07-05,6.0,0,
1575,Mid-Market,paid_social,2025-08-18,2025-08-01,0,,,0,
1578,SMB,paid_search,2026-01-10,2026-01-01,1,2026-01-20,10.0,0,
1579,SMB,paid_social,2026-06-18,2026-06-01,1,2026-06-25,7.0,0,
1581,Enterprise,email,2024-09-17,2024-09-01,1,2024-10-16,29.0,0,
1586,Mid-Market,paid_search,2026-01-03,2026-01-01,1,2026-01-10,7.0,0,
1592,Mid-Market,paid_social,2026-03-05,2026-03-01,0,,,0,
1597,Mid-Market,direct,2026-03-25,2026-03-01,1,2026-03-29,4.0,0,
1598,Mid-Market,email,2025-09-08,2025-09-01,0,,,0,
1601,SMB,email,2024-11-03,2024-11-01,1,2024-11-09,6.0,0,
1602,SMB,direct,2026-04-09,2026-04-01,1,2026-04-19,10.0,0,
1606,Enterprise,direct,2026-06-08,2026-06-01,1,2026-06-15,7.0,0,
1607,Enterprise,direct,2025-04-06,2025-04-01,0,,,0,
1617,Enterprise,organic_search,2024-09-20,2024-09-01,0,,,0,
1619,SMB,display,2025-09-02,2025-09-01,0,,,0,
1621,SMB,paid_search,2025-10-24,2025-10-01,1,2025-10-29,5.0,0,
1623,SMB,paid_social,2025-01-05,2025-01-01,1,2025-01-12,7.0,0,
1625,SMB,paid_search,2025-10-19,2025-10-01,0,,,0,
1626,SMB,organic_search,2025-07-21,2025-07-01,1,2025-07-25,4.0,1,2025-08-23
1628,Mid-Market,paid_search,2026-01-14,2026-01-01,1,2026-01-20,6.0,0,
1629,Mid-Market,display,2024-09-05,2024-09-01,1,2024-09-10,5.0,0,
1633,Mid-Market,paid_search,2025-09-13,2025-09-01,0,,,0,
1637,SMB,email,2024-11-02,2024-11-01,0,,,0,
1639,SMB,paid_social,2025-03-25,2025-03-01,1,2025-04-01,7.0,1,2025-04-04
1642,SMB,paid_social,2025-06-02,2025-06-01,0,,,0,
1645,SMB,organic_search,2025-01-09,2025-01-01,0,,,0,
1646,Mid-Market,paid_social,2024-12-14,2024-12-01,1,2024-12-15,1.0,0,
1648,Enterprise,affiliate,2025-07-31,2025-07-01,0,,,0,
1649,SMB,paid_social,2024-07-01,2024-07-01,0,,,0,
1650,Mid-Market,display,2025-02-04,2025-02-01,0,,,0,
1651,SMB,display,2026-03-24,2026-03-01,0,,,0,
1654,SMB,affiliate,2025-09-22,2025-09-01,0,,,0,
1658,SMB,organic_search,2025-09-21,2025-09-01,1,2025-10-02,11.0,0,
1665,Enterprise,display,2025-04-23,2025-04-01,0,,,0,
1672,Mid-Market,direct,2026-06-05,2026-06-01,0,,,0,
1676,SMB,organic_search,2025-04-04,2025-04-01,1,2025-04-17,13.0,0,
1678,SMB,paid_search,2025-01-26,2025-01-01,0,,,0,
1680,SMB,paid_social,2024-09-25,2024-09-01,1,2024-10-09,14.0,0,
1687,SMB,paid_social,2024-10-18,2024-10-01,0,,,0,
1690,Mid-Market,paid_search,2025-08-08,2025-08-01,0,,,0,
1691,SMB,direct,2026-03-13,2026-03-01,1,2026-03-14,1.0,0,
1692,Mid-Market,email,2026-05-01,2026-05-01,0,,,0,
1694,SMB,direct,2025-11-01,2025-11-01,0,,,0,
1699,Mid-Market,paid_search,2025-07-24,2025-07-01,1,2025-08-03,10.0,1,2025-08-14
1700,SMB,paid_social,2026-03-02,2026-03-01,0,,,0,
1701,SMB,paid_search,2025-11-24,2025-11-01,1,2025-11-28,4.0,1,2025-12-23
1702,SMB,display,2026-05-25,2026-05-01,0,,,0,
1705,Mid-Market,paid_search,2026-05-08,2026-05-01,0,,,0,
1707,Mid-Market,paid_social,2024-11-05,2024-11-01,1,2024-11-06,1.0,1,2024-11-11
1710,SMB,direct,2025-12-25,2025-12-01,0,,,0,
1712,Enterprise,direct,2026-05-31,2026-05-01,1,2026-06-09,9.0,0,
1718,Mid-Market,paid_social,2025-01-19,2025-01-01,0,,,0,
1719,SMB,direct,2025-10-26,2025-10-01,1,2025-11-06,11.0,0,
1721,SMB,display,2026-05-30,2026-05-01,1,2026-06-06,7.0,1,2026-06-17
1723,Mid-Market,direct,2025-07-25,2025-07-01,0,,,0,
1728,SMB,direct,2026-06-02,2026-06-01,1,2026-06-20,18.0,1,2026-07-08
1730,Mid-Market,paid_search,2026-02-02,2026-02-01,1,2026-02-13,11.0,0,
1734,Enterprise,display,2025-11-26,2025-11-01,1,2025-12-02,6.0,0,
1738,Mid-Market,display,2024-10-04,2024-10-01,0,,,0,
1745,Mid-Market,direct,2025-04-18,2025-04-01,1,2025-04-21,3.0,0,
1748,SMB,affiliate,2025-12-21,2025-12-01,1,2025-12-29,8.0,1,2026-01-12
1749,SMB,email,2024-07-06,2024-07-01,0,,,0,
1752,SMB,display,2025-10-18,2025-10-01,0,,,0,
1754,SMB,organic_search,2025-11-30,2025-11-01,1,2025-12-06,6.0,1,2025-12-19
1755,SMB,affiliate,2025-09-06,2025-09-01,0,,,0,
1756,SMB,organic_search,2025-11-16,2025-11-01,0,,,0,
1758,SMB,email,2025-06-25,2025-06-01,1,2025-07-11,16.0,0,
1760,SMB,organic_search,2025-05-15,2025-05-01,1,2025-05-17,2.0,1,2025-06-05
1768,Mid-Market,affiliate,2025-12-04,2025-12-01,0,,,0,
1769,SMB,organic_search,2025-05-27,2025-05-01,1,2025-05-28,1.0,1,2025-06-24
1770,Mid-Market,affiliate,2025-01-20,2025-01-01,1,2025-01-28,8.0,0,
1778,Mid-Market,direct,2024-08-20,2024-08-01,0,,,0,
1779,SMB,paid_social,2025-11-27,2025-11-01,1,2025-12-04,7.0,0,
1787,Mid-Market,direct,2025-07-17,2025-07-01,1,2025-07-23,6.0,0,
1789,SMB,paid_social,2026-01-30,2026-01-01,0,,,0,
1791,Mid-Market,email,2024-12-22,2024-12-01,1,2024-12-25,3.0,1,2025-01-12
1793,SMB,organic_search,2026-05-17,2026-05-01,1,2026-05-28,11.0,0,
1796,SMB,paid_search,2025-08-14,2025-08-01,1,2025-08-21,7.0,0,
1797,Enterprise,paid_social,2025-09-25,2025-09-01,0,,,0,
1798,SMB,paid_social,2025-08-19,2025-08-01,0,,,0,
1803,SMB,paid_social,2025-06-28,2025-06-01,0,,,0,
1808,Enterprise,paid_social,2026-05-23,2026-05-01,1,2026-05-28,5.0,0,
1809,SMB,paid_search,2024-11-11,2024-11-01,0,,,0,
1812,SMB,affiliate,2026-03-17,2026-03-01,0,,,0,
1814,Mid-Market,direct,2025-10-16,2025-10-01,0,,,0,
1815,SMB,display,2026-01-27,2026-01-01,1,2026-02-14,18.0,0,
1816,Mid-Market,display,2026-01-08,2026-01-01,1,2026-01-09,1.0,0,
1818,SMB,organic_search,2025-11-09,2025-11-01,1,2025-11-17,8.0,0,
1822,Enterprise,direct,2024-11-23,2024-11-01,0,,,0,
1823,SMB,email,2024-09-18,2024-09-01,1,2024-10-01,13.0,0,
1824,SMB,organic_search,2025-10-18,2025-10-01,0,,,0,
1830,Mid-Market,email,2026-05-13,2026-05-01,0,,,0,
1832,Mid-Market,email,2024-11-16,2024-11-01,0,,,0,
1834,SMB,display,2025-04-20,2025-04-01,0,,,0,
1836,SMB,display,2025-09-29,2025-09-01,0,,,0,
1840,SMB,display,2024-08-04,2024-08-01,1,2024-08-15,11.0,1,2024-08-24
1842,Mid-Market,direct,2025-04-24,2025-04-01,0,,,0,
1845,SMB,email,2026-02-09,2026-02-01,0,,,0,
1847,SMB,email,2025-02-25,2025-02-01,0,,,0,
1851,SMB,paid_search,2026-06-04,2026-06-01,1,2026-06-05,1.0,0,
1852,Mid-Market,affiliate,2026-04-11,2026-04-01,1,2026-04-15,4.0,0,
1853,SMB,email,2025-10-07,2025-10-01,1,2025-10-12,5.0,1,2025-11-02
1854,Enterprise,affiliate,2024-12-03,2024-12-01,0,,,0,
1855,SMB,paid_social,2026-02-12,2026-02-01,0,,,0,
1857,SMB,email,2026-03-24,2026-03-01,0,,,0,
1859,SMB,display,2025-07-01,2025-07-01,0,,,0,
1860,SMB,email,2026-02-20,2026-02-01,1,2026-02-27,7.0,0,
1861,Mid-Market,paid_social,2026-04-16,2026-04-01,1,2026-04-20,4.0,0,
1862,SMB,organic_search,2024-12-31,2024-12-01,1,2025-01-05,5.0,0,
1864,Enterprise,email,2024-11-02,2024-11-01,0,,,0,
1865,SMB,direct,2024-12-25,2024-12-01,1,2024-12-28,3.0,0,
1872,Mid-Market,email,2025-06-19,2025-06-01,0,,,0,
1873,Mid-Market,paid_search,2025-02-04,2025-02-01,1,2025-02-08,4.0,0,
1875,Mid-Market,email,2024-09-26,2024-09-01,0,,,0,
1879,SMB,affiliate,2024-07-27,2024-07-01,0,,,0,
1882,Mid-Market,direct,2026-01-13,2026-01-01,0,,,0,
1885,Mid-Market,paid_search,2025-02-18,2025-02-01,0,,,0,
1888,Mid-Market,paid_social,2025-10-30,2025-10-01,0,,,0,
1891,SMB,display,2024-08-30,2024-08-01,1,2024-09-18,19.0,1,2024-09-22
1894,SMB,display,2025-01-28,2025-01-01,0,,,0,
1898,Mid-Market,affiliate,2024-08-23,2024-08-01,1,2024-09-02,10.0,0,
1900,Mid-Market,paid_social,2025-01-23,2025-01-01,1,2025-02-06,14.0,1,2025-02-27
1902,Mid-Market,organic_search,2025-09-15,2025-09-01,1,2025-09-25,10.0,1,2025-10-10
1907,Mid-Market,affiliate,2026-03-27,2026-03-01,1,2026-03-31,4.0,1,2026-04-17
1910,SMB,direct,2025-07-01,2025-07-01,0,,,0,
1911,SMB,affiliate,2026-03-20,2026-03-01,1,2026-03-26,6.0,1,2026-04-24
1913,Enterprise,display,2025-04-08,2025-04-01,1,2025-04-23,15.0,0,
1917,Mid-Market,paid_social,2025-06-06,2025-06-01,0,,,0,
1918,SMB,organic_search,2025-04-30,2025-04-01,0,,,0,
1929,Mid-Market,affiliate,2025-07-26,2025-07-01,1,2025-07-27,1.0,1,2025-08-12
1933,SMB,paid_social,2026-06-13,2026-06-01,0,,,0,
1934,Mid-Market,affiliate,2024-08-11,2024-08-01,0,,,0,
1936,SMB,paid_search,2026-05-19,2026-05-01,1,2026-05-27,8.0,0,
1939,Mid-Market,display,2026-04-12,2026-04-01,1,2026-04-22,10.0,1,2026-05-11
1940,SMB,organic_search,2026-06-10,2026-06-01,1,2026-06-17,7.0,0,
1945,Enterprise,paid_search,2025-06-13,2025-06-01,1,2025-06-22,9.0,0,
1949,SMB,email,2025-04-12,2025-04-01,1,2025-04-18,6.0,1,2025-04-28
1950,SMB,organic_search,2024-10-12,2024-10-01,0,,,0,
1951,Enterprise,paid_social,2025-12-30,2025-12-01,1,2026-01-01,2.0,0,
1953,Mid-Market,organic_search,2024-08-21,2024-08-01,1,2024-08-28,7.0,1,2024-09-14
1954,SMB,organic_search,2025-03-04,2025-03-01,0,,,0,
1957,Enterprise,email,2025-11-20,2025-11-01,0,,,0,
1966,Mid-Market,affiliate,2025-10-28,2025-10-01,1,2025-11-04,7.0,0,
1970,Mid-Market,email,2025-08-18,2025-08-01,1,2025-08-21,3.0,0,
1973,SMB,paid_search,2025-12-10,2025-12-01,1,2025-12-20,10.0,1,2026-01-05
1977,SMB,paid_search,2025-12-17,2025-12-01,1,2026-01-03,17.0,0,
1978,SMB,affiliate,2026-05-07,2026-05-01,1,2026-05-14,7.0,1,2026-05-22
1980,SMB,paid_social,2025-08-14,2025-08-01,1,2025-08-29,15.0,0,
1981,Mid-Market,display,2025-03-21,2025-03-01,0,,,0,
1983,SMB,direct,2026-06-03,2026-06-01,0,,,0,
1985,Mid-Market,direct,2024-09-06,2024-09-01,0,,,0,
1987,SMB,paid_social,2026-03-26,2026-03-01,0,,,0,
1992,Mid-Market,affiliate,2026-04-12,2026-04-01,0,,,0,
1993,Mid-Market,direct,2024-08-19,2024-08-01,0,,,0,
1994,SMB,email,2026-03-06,2026-03-01,1,2026-03-14,8.0,0,
1996,SMB,direct,2024-12-30,2024-12-01,1,2025-01-03,4.0,0,
1998,SMB,paid_social,2026-02-07,2026-02-01,1,2026-02-13,6.0,0,
1999,SMB,direct,2024-07-03,2024-07-01,0,,,0,
2000,SMB,display,2024-12-10,2024-12-01,0,,,0,
2001,Enterprise,organic_search,2025-06-15,2025-06-01,0,,,0,
2004,SMB,email,2025-01-19,2025-01-01,1,2025-01-20,1.0,0,
2006,SMB,paid_search,2026-06-11,2026-06-01,1,2026-06-17,6.0,0,
2009,SMB,email,2024-11-28,2024-11-01,0,,,0,
2010,SMB,display,2025-01-21,2025-01-01,1,2025-01-26,5.0,0,
2016,SMB,direct,2025-11-16,2025-11-01,1,2025-11-21,5.0,0,
2021,Enterprise,display,2025-05-10,2025-05-01,0,,,0,
2024,SMB,display,2026-01-27,2026-01-01,0,,,0,
2026,SMB,paid_search,2026-05-25,2026-05-01,0,,,0,
2027,Enterprise,affiliate,2024-12-08,2024-12-01,0,,,0,
2029,Mid-Market,email,2026-03-29,2026-03-01,1,2026-04-10,12.0,1,2026-04-25
2030,Enterprise,paid_search,2024-09-21,2024-09-01,0,,,0,
2031,Mid-Market,email,2026-01-03,2026-01-01,0,,,0,
2033,SMB,affiliate,2024-10-10,2024-10-01,1,2024-10-13,3.0,1,2024-11-09
2034,Mid-Market,direct,2025-06-22,2025-06-01,1,2025-06-27,5.0,0,
2035,SMB,affiliate,2024-08-16,2024-08-01,0,,,0,
2036,SMB,email,2025-04-23,2025-04-01,0,,,0,
2037,SMB,affiliate,2025-03-09,2025-03-01,0,,,0,
2042,SMB,direct,2025-11-14,2025-11-01,0,,,0,
2044,SMB,email,2025-12-26,2025-12-01,0,,,0,
2045,SMB,paid_social,2026-02-01,2026-02-01,1,2026-02-15,14.0,1,2026-03-03
2046,SMB,organic_search,2026-05-15,2026-05-01,0,,,0,
2051,Mid-Market,email,2026-06-09,2026-06-01,0,,,0,
2052,Mid-Market,paid_social,2024-12-21,2024-12-01,1,2024-12-25,4.0,0,
2056,Mid-Market,display,2026-03-10,2026-03-01,1,2026-03-13,3.0,0,
2057,Mid-Market,paid_search,2025-08-13,2025-08-01,0,,,0,
2067,Enterprise,organic_search,2025-09-22,2025-09-01,0,,,0,
2069,Mid-Market,email,2024-08-07,2024-08-01,1,2024-08-15,8.0,1,2024-09-05
2070,Mid-Market,organic_search,2025-02-08,2025-02-01,0,,,0,
2071,Mid-Market,display,2025-10-14,2025-10-01,1,2025-10-18,4.0,0,
2073,SMB,paid_social,2024-09-29,2024-09-01,1,2024-10-10,11.0,0,
2077,Mid-Market,paid_search,2026-02-06,2026-02-01,0,,,0,
2078,SMB,paid_search,2026-03-27,2026-03-01,1,2026-04-08,12.0,0,
2079,Mid-Market,paid_social,2025-03-18,2025-03-01,0,,,0,
2080,Mid-Market,email,2024-09-13,2024-09-01,1,2024-09-14,1.0,0,
2084,Mid-Market,paid_social,2025-01-16,2025-01-01,1,2025-01-21,5.0,1,2025-02-16
2086,Mid-Market,email,2026-05-22,2026-05-01,0,,,0,
2087,Enterprise,organic_search,2025-12-29,2025-12-01,0,,,0,
2089,SMB,direct,2026-01-14,2026-01-01,1,2026-01-25,11.0,0,
2091,SMB,affiliate,2026-03-16,2026-03-01,0,,,0,
2094,SMB,affiliate,2025-10-31,2025-10-01,0,,,0,
2096,SMB,email,2025-03-24,2025-03-01,1,2025-03-25,1.0,0,
2097,SMB,display,2025-10-12,2025-10-01,1,2025-10-17,5.0,1,2025-11-10
2098,Mid-Market,email,2026-04-01,2026-04-01,0,,,0,
2099,SMB,direct,2025-08-27,2025-08-01,1,2025-08-30,3.0,0,
2104,SMB,affiliate,2025-12-20,2025-12-01,1,2025-12-26,6.0,0,
2109,SMB,email,2025-12-12,2025-12-01,1,2025-12-13,1.0,0,
2110,SMB,organic_search,2024-08-29,2024-08-01,0,,,0,
2111,Mid-Market,email,2024-09-09,2024-09-01,1,2024-09-15,6.0,0,
2112,SMB,paid_search,2025-09-29,2025-09-01,0,,,0,
2114,Mid-Market,organic_search,2024-09-23,2024-09-01,1,2024-09-29,6.0,0,
2116,SMB,affiliate,2025-09-21,2025-09-01,0,,,0,
2117,Mid-Market,email,2025-05-07,2025-05-01,1,2025-05-10,3.0,1,2025-06-04
2121,Mid-Market,affiliate,2026-03-07,2026-03-01,0,,,0,
2122,SMB,paid_search,2024-10-09,2024-10-01,0,,,0,
2125,SMB,display,2025-10-09,2025-10-01,1,2025-10-19,10.0,0,
2127,Mid-Market,affiliate,2026-04-07,2026-04-01,1,2026-04-14,7.0,0,
2128,Enterprise,paid_search,2025-01-10,2025-01-01,0,,,0,
2129,SMB,affiliate,2025-08-07,2025-08-01,0,,,0,
2131,Mid-Market,organic_search,2025-07-27,2025-07-01,0,,,0,
2134,SMB,paid_search,2026-05-21,2026-05-01,0,,,0,
2136,SMB,paid_search,2024-12-13,2024-12-01,0,,,0,
2137,Mid-Market,paid_search,2026-04-22,2026-04-01,0,,,0,
2140,SMB,email,2025-02-17,2025-02-01,0,,,0,
2145,SMB,paid_social,2026-03-18,2026-03-01,0,,,0,
2146,Mid-Market,email,2026-06-14,2026-06-01,0,,,0,
2156,Enterprise,email,2025-03-14,2025-03-01,0,,,0,
2157,SMB,paid_social,2024-12-18,2024-12-01,1,2024-12-26,8.0,0,
2159,Enterprise,email,2024-09-19,2024-09-01,0,,,0,
2161,SMB,organic_search,2025-12-10,2025-12-01,1,2025-12-14,4.0,0,
2163,SMB,affiliate,2026-04-07,2026-04-01,0,,,0,
2166,SMB,display,2025-03-13,2025-03-01,1,2025-03-22,9.0,0,
2170,Mid-Market,display,2024-07-17,2024-07-01,0,,,0,
2172,Mid-Market,affiliate,2025-12-21,2025-12-01,1,2026-01-07,17.0,0,
2173,SMB,affiliate,2026-02-04,2026-02-01,1,2026-02-09,5.0,0,
2174,SMB,paid_search,2024-07-05,2024-07-01,1,2024-07-08,3.0,0,
2177,Mid-Market,paid_social,2024-10-01,2024-10-01,1,2024-10-08,7.0,1,2024-10-18
2179,SMB,direct,2025-07-28,2025-07-01,0,,,0,
2180,Mid-Market,paid_social,2026-06-17,2026-06-01,0,,,0,
2181,Mid-Market,organic_search,2025-11-27,2025-11-01,1,2025-12-03,6.0,1,2025-12-28
2183,Mid-Market,display,2026-03-14,2026-03-01,1,2026-03-20,6.0,0,
2186,Mid-Market,direct,2025-02-23,2025-02-01,0,,,0,
2190,SMB,paid_social,2024-12-08,2024-12-01,0,,,0,
2197,SMB,affiliate,2025-06-06,2025-06-01,0,,,0,
2200,Mid-Market,paid_search,2026-06-18,2026-06-01,1,2026-06-22,4.0,0,
2201,Mid-Market,organic_search,2024-07-25,2024-07-01,1,2024-07-30,5.0,1,2024-08-05
2202,SMB,affiliate,2025-03-21,2025-03-01,1,2025-04-12,22.0,0,
2205,SMB,email,2024-11-10,2024-11-01,1,2024-11-17,7.0,1,2024-12-06
2207,Mid-Market,direct,2025-01-19,2025-01-01,0,,,0,
2209,SMB,organic_search,2025-01-13,2025-01-01,0,,,0,
2211,SMB,direct,2024-09-30,2024-09-01,1,2024-10-09,9.0,0,
2217,SMB,paid_search,2025-09-12,2025-09-01,1,2025-09-18,6.0,0,
2219,SMB,email,2025-05-17,2025-05-01,1,2025-05-22,5.0,0,
2227,Mid-Market,organic_search,2026-04-08,2026-04-01,1,2026-04-19,11.0,0,
2228,SMB,organic_search,2025-12-10,2025-12-01,0,,,0,
2229,SMB,display,2026-03-18,2026-03-01,1,2026-03-23,5.0,1,2026-04-12
2232,Mid-Market,paid_search,2025-11-27,2025-11-01,1,2025-12-07,10.0,0,
2233,SMB,affiliate,2024-11-01,2024-11-01,1,2024-11-03,2.0,1,2024-11-09
2235,SMB,paid_social,2024-11-21,2024-11-01,1,2024-11-27,6.0,0,
2239,Mid-Market,organic_search,2025-07-20,2025-07-01,1,2025-08-02,13.0,0,
2241,SMB,organic_search,2025-10-01,2025-10-01,1,2025-10-11,10.0,0,
2243,SMB,organic_search,2024-07-30,2024-07-01,1,2024-08-01,2.0,0,
2244,SMB,email,2025-12-31,2025-12-01,0,,,0,
2255,Enterprise,paid_social,2025-07-26,2025-07-01,0,,,0,
2256,Enterprise,paid_social,2026-02-18,2026-02-01,0,,,0,
2257,SMB,paid_social,2025-11-12,2025-11-01,0,,,0,
2259,SMB,affiliate,2024-10-28,2024-10-01,1,2024-11-03,6.0,0,
2261,SMB,direct,2024-10-06,2024-10-01,1,2024-10-27,21.0,0,
2268,Mid-Market,paid_social,2024-08-12,2024-08-01,1,2024-08-22,10.0,0,
2269,SMB,organic_search,2026-05-21,2026-05-01,0,,,0,
2272,Mid-Market,paid_search,2025-06-29,2025-06-01,0,,,0,
2278,SMB,affiliate,2026-05-20,2026-05-01,0,,,0,
2279,SMB,display,2025-12-10,2025-12-01,1,2025-12-13,3.0,0,
2280,SMB,email,2025-12-12,2025-12-01,1,2025-12-17,5.0,0,
2282,SMB,email,2025-12-30,2025-12-01,0,,,0,
2283,SMB,display,2026-01-19,2026-01-01,0,,,0,
2285,SMB,affiliate,2026-04-07,2026-04-01,1,2026-04-15,8.0,1,2026-05-10
2290,Mid-Market,organic_search,2025-02-18,2025-02-01,0,,,0,
2291,SMB,affiliate,2025-10-24,2025-10-01,1,2025-10-29,5.0,0,
2296,SMB,paid_search,2025-10-16,2025-10-01,0,,,0,
2297,SMB,organic_search,2025-12-15,2025-12-01,0,,,0,
2299,SMB,direct,2024-11-18,2024-11-01,0,,,0,
2301,SMB,email,2025-07-27,2025-07-01,0,,,0,
2303,SMB,email,2025-10-07,2025-10-01,0,,,0,
2305,SMB,direct,2025-08-05,2025-08-01,0,,,0,
2306,Mid-Market,paid_social,2025-09-30,2025-09-01,1,2025-10-24,24.0,0,
2307,SMB,direct,2024-10-22,2024-10-01,1,2024-11-08,17.0,1,2024-11-11
2308,SMB,direct,2025-11-04,2025-11-01,1,2025-11-13,9.0,0,
2309,SMB,paid_social,2025-03-03,2025-03-01,0,,,0,
2310,SMB,organic_search,2025-11-25,2025-11-01,1,2025-11-28,3.0,0,
2311,SMB,organic_search,2025-02-15,2025-02-01,1,2025-02-27,12.0,0,
2312,Enterprise,affiliate,2025-01-05,2025-01-01,0,,,0,
2314,SMB,affiliate,2025-10-05,2025-10-01,0,,,0,
2316,SMB,direct,2025-05-31,2025-05-01,0,,,0,
2318,Mid-Market,paid_search,2025-10-07,2025-10-01,0,,,0,
2320,Mid-Market,email,2025-09-24,2025-09-01,1,2025-09-29,5.0,0,
2321,SMB,paid_search,2024-08-20,2024-08-01,1,2024-08-23,3.0,0,
2322,Mid-Market,organic_search,2025-09-12,2025-09-01,0,,,0,
2325,SMB,email,2025-03-08,2025-03-01,0,,,0,
2335,Mid-Market,paid_social,2025-03-09,2025-03-01,1,2025-03-12,3.0,0,
2336,SMB,direct,2025-10-06,2025-10-01,1,2025-10-11,5.0,0,
2346,SMB,organic_search,2026-05-24,2026-05-01,0,,,0,
2347,SMB,direct,2026-01-02,2026-01-01,1,2026-01-07,5.0,1,2026-01-14
2349,SMB,affiliate,2026-02-12,2026-02-01,0,,,0,
2350,SMB,organic_search,2026-03-02,2026-03-01,1,2026-03-14,12.0,0,
2352,Mid-Market,email,2025-09-16,2025-09-01,1,2025-09-26,10.0,0,
2356,Mid-Market,paid_social,2025-09-25,2025-09-01,1,2025-10-03,8.0,0,
2358,Mid-Market,affiliate,2025-01-24,2025-01-01,0,,,0,
2360,Enterprise,paid_social,2025-11-22,2025-11-01,0,,,0,
2367,Enterprise,direct,2025-01-17,2025-01-01,0,,,0,
2369,Mid-Market,organic_search,2025-07-08,2025-07-01,1,2025-07-16,8.0,0,
2371,Mid-Market,affiliate,2025-09-19,2025-09-01,1,2025-09-22,3.0,0,
2372,Mid-Market,paid_search,2026-01-21,2026-01-01,0,,,0,
2375,Enterprise,organic_search,2026-06-11,2026-06-01,1,2026-06-20,9.0,0,
2378,Mid-Market,direct,2026-04-25,2026-04-01,1,2026-05-05,10.0,0,
2384,SMB,paid_social,2026-05-16,2026-05-01,1,2026-05-24,8.0,1,2026-05-31
2385,SMB,paid_search,2026-03-06,2026-03-01,1,2026-03-09,3.0,1,2026-04-05
2387,SMB,paid_search,2025-11-17,2025-11-01,1,2025-11-29,12.0,1,2025-12-05
2389,SMB,organic_search,2026-03-23,2026-03-01,0,,,0,
2390,SMB,organic_search,2025-11-19,2025-11-01,0,,,0,
2391,Mid-Market,email,2025-12-06,2025-12-01,0,,,0,
2392,SMB,paid_social,2025-10-13,2025-10-01,1,2025-10-25,12.0,0,
2394,Enterprise,organic_search,2024-07-23,2024-07-01,0,,,0,
2395,SMB,direct,2026-04-16,2026-04-01,0,,,0,
2398,Mid-Market,paid_search,2026-01-12,2026-01-01,1,2026-01-26,14.0,1,2026-02-11
2399,Mid-Market,paid_social,2025-12-01,2025-12-01,0,,,0,
2401,SMB,affiliate,2024-07-14,2024-07-01,1,2024-07-23,9.0,1,2024-08-03
2408,SMB,email,2024-09-30,2024-09-01,0,,,0,
2409,SMB,email,2025-09-13,2025-09-01,1,2025-09-22,9.0,0,
2412,SMB,paid_social,2025-01-25,2025-01-01,0,,,0,
2413,SMB,paid_search,2026-02-18,2026-02-01,0,,,0,
2414,SMB,affiliate,2025-07-28,2025-07-01,1,2025-08-01,4.0,0,
2415,Enterprise,organic_search,2025-06-29,2025-06-01,1,2025-07-12,13.0,0,
2420,SMB,email,2025-04-09,2025-04-01,1,2025-04-18,9.0,0,
2421,SMB,affiliate,2025-09-02,2025-09-01,0,,,0,
2422,SMB,affiliate,2026-03-28,2026-03-01,1,2026-03-29,1.0,0,
2424,SMB,display,2025-12-14,2025-12-01,1,2025-12-17,3.0,0,
2426,SMB,email,2025-11-16,2025-11-01,0,,,0,
2428,Enterprise,display,2025-03-08,2025-03-01,0,,,0,
2431,SMB,email,2024-12-13,2024-12-01,0,,,0,
2435,SMB,paid_social,2026-06-14,2026-06-01,0,,,0,
2436,SMB,direct,2026-05-18,2026-05-01,0,,,0,
2438,Mid-Market,display,2025-01-16,2025-01-01,0,,,0,
2444,SMB,display,2024-07-30,2024-07-01,0,,,0,
2445,Mid-Market,paid_social,2025-03-05,2025-03-01,0,,,0,
2446,SMB,paid_social,2026-04-08,2026-04-01,0,,,0,
2447,SMB,organic_search,2025-01-15,2025-01-01,1,2025-01-29,14.0,0,
2448,Enterprise,organic_search,2025-12-27,2025-12-01,0,,,0,
2451,SMB,affiliate,2024-08-18,2024-08-01,0,,,0,
2452,Enterprise,email,2025-11-08,2025-11-01,0,,,0,
2453,SMB,email,2025-12-12,2025-12-01,1,2025-12-18,6.0,0,
2455,SMB,organic_search,2024-11-16,2024-11-01,0,,,0,
2456,Mid-Market,display,2025-10-04,2025-10-01,0,,,0,
2457,Mid-Market,paid_social,2026-03-06,2026-03-01,1,2026-03-07,1.0,0,
2458,Enterprise,direct,2024-12-30,2024-12-01,0,,,0,
2459,Mid-Market,paid_search,2025-12-17,2025-12-01,1,2025-12-21,4.0,0,
2460,SMB,organic_search,2026-05-19,2026-05-01,1,2026-05-25,6.0,1,2026-06-13
2462,SMB,paid_social,2025-09-07,2025-09-01,0,,,0,
2466,SMB,affiliate,2026-01-20,2026-01-01,1,2026-01-26,6.0,0,
2467,Mid-Market,organic_search,2026-04-26,2026-04-01,0,,,0,
2469,Enterprise,paid_social,2026-02-24,2026-02-01,1,2026-03-03,7.0,0,
2474,SMB,affiliate,2026-06-15,2026-06-01,1,2026-06-18,3.0,0,
2475,Mid-Market,paid_social,2025-12-23,2025-12-01,1,2025-12-28,5.0,0,
2476,SMB,organic_search,2025-12-14,2025-12-01,0,,,0,
2477,Mid-Market,display,2026-01-02,2026-01-01,1,2026-01-04,2.0,0,
2482,SMB,email,2024-09-23,2024-09-01,0,,,0,
2485,Mid-Market,direct,2025-08-08,2025-08-01,1,2025-08-12,4.0,0,
2498,Enterprise,direct,2024-09-29,2024-09-01,0,,,0,
2500,Mid-Market,paid_social,2025-05-14,2025-05-01,1,2025-05-17,3.0,1,2025-05-27
2501,SMB,affiliate,2025-11-20,2025-11-01,1,2025-11-23,3.0,1,2025-12-13
2503,SMB,direct,2024-07-09,2024-07-01,1,2024-07-17,8.0,0,
2511,Mid-Market,display,2026-03-21,2026-03-01,0,,,0,
2513,SMB,email,2025-01-03,2025-01-01,0,,,0,
2514,Mid-Market,affiliate,2024-09-26,2024-09-01,0,,,0,
2515,Mid-Market,affiliate,2024-11-24,2024-11-01,0,,,0,
2519,Mid-Market,email,2025-08-24,2025-08-01,1,2025-09-02,9.0,1,2025-09-14
2526,SMB,affiliate,2024-08-09,2024-08-01,1,2024-08-17,8.0,0,
2527,SMB,paid_search,2024-11-28,2024-11-01,1,2024-12-06,8.0,0,
2529,Mid-Market,email,2025-08-11,2025-08-01,0,,,0,
2532,SMB,direct,2025-06-27,2025-06-01,1,2025-06-30,3.0,0,
2535,SMB,direct,2025-04-08,2025-04-01,1,2025-04-23,15.0,1,2025-04-26
2536,SMB,email,2025-08-02,2025-08-01,1,2025-08-07,5.0,0,
2537,SMB,email,2025-04-15,2025-04-01,0,,,0,
2540,SMB,paid_search,2025-09-26,2025-09-01,0,,,0,
2541,SMB,affiliate,2026-01-31,2026-01-01,0,,,0,
2542,Enterprise,affiliate,2026-01-01,2026-01-01,0,,,0,
2543,Mid-Market,paid_social,2025-03-16,2025-03-01,0,,,0,
2544,SMB,affiliate,2025-10-01,2025-10-01,0,,,0,
2545,SMB,display,2025-04-05,2025-04-01,1,2025-04-12,7.0,0,
2547,Enterprise,direct,2025-06-24,2025-06-01,1,2025-07-01,7.0,0,
2548,Mid-Market,display,2026-01-18,2026-01-01,1,2026-01-23,5.0,1,2026-01-28
2549,Mid-Market,paid_social,2025-09-23,2025-09-01,1,2025-10-05,12.0,0,
2550,Enterprise,organic_search,2025-07-17,2025-07-01,0,,,0,
2556,Mid-Market,affiliate,2025-06-27,2025-06-01,0,,,0,
2557,SMB,paid_social,2025-12-14,2025-12-01,1,2025-12-19,5.0,0,
2559,SMB,affiliate,2026-03-05,2026-03-01,1,2026-03-08,3.0,0,
2561,SMB,paid_search,2024-09-22,2024-09-01,0,,,0,
2562,SMB,direct,2024-08-16,2024-08-01,0,,,0,
2563,Enterprise,email,2025-03-16,2025-03-01,1,2025-03-20,4.0,0,
2567,Enterprise,email,2025-08-09,2025-08-01,0,,,0,
2569,SMB,paid_social,2026-02-22,2026-02-01,1,2026-02-25,3.0,0,
2570,SMB,email,2026-04-11,2026-04-01,0,,,0,
2571,Enterprise,affiliate,2024-10-18,2024-10-01,0,,,0,
2572,SMB,paid_search,2025-10-20,2025-10-01,1,2025-11-01,12.0,0,
2574,SMB,affiliate,2024-12-09,2024-12-01,1,2024-12-13,4.0,0,
2576,Mid-Market,display,2024-08-04,2024-08-01,1,2024-08-08,4.0,0,
2580,SMB,display,2026-05-12,2026-05-01,1,2026-05-18,6.0,0,
2583,SMB,paid_social,2025-09-06,2025-09-01,1,2025-09-13,7.0,1,2025-10-11
2588,SMB,organic_search,2024-11-11,2024-11-01,1,2024-11-16,5.0,0,
2589,Enterprise,display,2026-04-30,2026-04-01,1,2026-05-09,9.0,1,2026-05-29
2591,SMB,organic_search,2026-01-16,2026-01-01,1,2026-01-17,1.0,1,2026-02-06
2592,SMB,affiliate,2025-10-05,2025-10-01,0,,,0,
2593,SMB,email,2025-01-19,2025-01-01,1,2025-02-03,15.0,0,
2594,Enterprise,paid_social,2024-10-13,2024-10-01,0,,,0,
2596,SMB,affiliate,2025-07-14,2025-07-01,1,2025-07-27,13.0,0,
2597,SMB,email,2025-09-10,2025-09-01,0,,,0,
2598,Mid-Market,organic_search,2024-11-19,2024-11-01,0,,,0,
2599,SMB,paid_social,2026-02-19,2026-02-01,1,2026-02-27,8.0,0,
2600,SMB,paid_social,2024-07-21,2024-07-01,0,,,0,
